date,01880
2015-01-02 00:00:00+08:00,
2015-01-05 00:00:00+08:00,
2015-01-06 00:00:00+08:00,
2015-01-07 00:00:00+08:00,
2015-01-08 00:00:00+08:00,
2015-01-09 00:00:00+08:00,
2015-01-12 00:00:00+08:00,
2015-01-13 00:00:00+08:00,
2015-01-14 00:00:00+08:00,
2015-01-15 00:00:00+08:00,
2015-01-16 00:00:00+08:00,
2015-01-19 00:00:00+08:00,
2015-01-20 00:00:00+08:00,
2015-01-21 00:00:00+08:00,
2015-01-22 00:00:00+08:00,
2015-01-23 00:00:00+08:00,
2015-01-26 00:00:00+08:00,
2015-01-27 00:00:00+08:00,
2015-01-28 00:00:00+08:00,
2015-01-29 00:00:00+08:00,
2015-01-30 00:00:00+08:00,
2015-02-02 00:00:00+08:00,
2015-02-03 00:00:00+08:00,
2015-02-04 00:00:00+08:00,
2015-02-05 00:00:00+08:00,
2015-02-06 00:00:00+08:00,
2015-02-09 00:00:00+08:00,
2015-02-10 00:00:00+08:00,
2015-02-11 00:00:00+08:00,
2015-02-12 00:00:00+08:00,
2015-02-13 00:00:00+08:00,
2015-02-16 00:00:00+08:00,
2015-02-17 00:00:00+08:00,
2015-02-18 00:00:00+08:00,
2015-02-23 00:00:00+08:00,
2015-02-24 00:00:00+08:00,
2015-02-25 00:00:00+08:00,
2015-02-26 00:00:00+08:00,
2015-02-27 00:00:00+08:00,
2015-03-02 00:00:00+08:00,
2015-03-03 00:00:00+08:00,
2015-03-04 00:00:00+08:00,
2015-03-05 00:00:00+08:00,
2015-03-06 00:00:00+08:00,
2015-03-09 00:00:00+08:00,
2015-03-10 00:00:00+08:00,
2015-03-11 00:00:00+08:00,
2015-03-12 00:00:00+08:00,
2015-03-13 00:00:00+08:00,
2015-03-16 00:00:00+08:00,
2015-03-17 00:00:00+08:00,
2015-03-18 00:00:00+08:00,
2015-03-19 00:00:00+08:00,
2015-03-20 00:00:00+08:00,
2015-03-23 00:00:00+08:00,
2015-03-24 00:00:00+08:00,
2015-03-25 00:00:00+08:00,
2015-03-26 00:00:00+08:00,
2015-03-27 00:00:00+08:00,
2015-03-30 00:00:00+08:00,
2015-03-31 00:00:00+08:00,
2015-04-01 00:00:00+08:00,
2015-04-02 00:00:00+08:00,
2015-04-08 00:00:00+08:00,
2015-04-09 00:00:00+08:00,
2015-04-10 00:00:00+08:00,
2015-04-13 00:00:00+08:00,
2015-04-14 00:00:00+08:00,
2015-04-15 00:00:00+08:00,
2015-04-16 00:00:00+08:00,
2015-04-17 00:00:00+08:00,
2015-04-20 00:00:00+08:00,
2015-04-21 00:00:00+08:00,
2015-04-22 00:00:00+08:00,
2015-04-23 00:00:00+08:00,
2015-04-24 00:00:00+08:00,
2015-04-27 00:00:00+08:00,
2015-04-28 00:00:00+08:00,
2015-04-29 00:00:00+08:00,
2015-04-30 00:00:00+08:00,
2015-05-04 00:00:00+08:00,
2015-05-05 00:00:00+08:00,
2015-05-06 00:00:00+08:00,
2015-05-07 00:00:00+08:00,
2015-05-08 00:00:00+08:00,
2015-05-11 00:00:00+08:00,
2015-05-12 00:00:00+08:00,
2015-05-13 00:00:00+08:00,
2015-05-14 00:00:00+08:00,
2015-05-15 00:00:00+08:00,
2015-05-18 00:00:00+08:00,
2015-05-19 00:00:00+08:00,
2015-05-20 00:00:00+08:00,
2015-05-21 00:00:00+08:00,
2015-05-22 00:00:00+08:00,
2015-05-26 00:00:00+08:00,
2015-05-27 00:00:00+08:00,
2015-05-28 00:00:00+08:00,
2015-05-29 00:00:00+08:00,
2015-06-01 00:00:00+08:00,
2015-06-02 00:00:00+08:00,
2015-06-03 00:00:00+08:00,
2015-06-04 00:00:00+08:00,
2015-06-05 00:00:00+08:00,
2015-06-08 00:00:00+08:00,
2015-06-09 00:00:00+08:00,
2015-06-10 00:00:00+08:00,
2015-06-11 00:00:00+08:00,
2015-06-12 00:00:00+08:00,
2015-06-15 00:00:00+08:00,
2015-06-16 00:00:00+08:00,
2015-06-17 00:00:00+08:00,
2015-06-18 00:00:00+08:00,
2015-06-19 00:00:00+08:00,
2015-06-22 00:00:00+08:00,
2015-06-23 00:00:00+08:00,
2015-06-24 00:00:00+08:00,
2015-06-25 00:00:00+08:00,
2015-06-26 00:00:00+08:00,
2015-06-29 00:00:00+08:00,
2015-06-30 00:00:00+08:00,
2015-07-02 00:00:00+08:00,
2015-07-03 00:00:00+08:00,
2015-07-06 00:00:00+08:00,
2015-07-07 00:00:00+08:00,
2015-07-08 00:00:00+08:00,
2015-07-09 00:00:00+08:00,
2015-07-10 00:00:00+08:00,
2015-07-13 00:00:00+08:00,
2015-07-14 00:00:00+08:00,
2015-07-15 00:00:00+08:00,
2015-07-16 00:00:00+08:00,
2015-07-17 00:00:00+08:00,
2015-07-20 00:00:00+08:00,
2015-07-21 00:00:00+08:00,
2015-07-22 00:00:00+08:00,
2015-07-23 00:00:00+08:00,
2015-07-24 00:00:00+08:00,
2015-07-27 00:00:00+08:00,
2015-07-28 00:00:00+08:00,
2015-07-29 00:00:00+08:00,
2015-07-30 00:00:00+08:00,
2015-07-31 00:00:00+08:00,
2015-08-03 00:00:00+08:00,
2015-08-04 00:00:00+08:00,
2015-08-05 00:00:00+08:00,
2015-08-06 00:00:00+08:00,
2015-08-07 00:00:00+08:00,
2015-08-10 00:00:00+08:00,
2015-08-11 00:00:00+08:00,
2015-08-12 00:00:00+08:00,
2015-08-13 00:00:00+08:00,
2015-08-14 00:00:00+08:00,
2015-08-17 00:00:00+08:00,
2015-08-18 00:00:00+08:00,
2015-08-19 00:00:00+08:00,
2015-08-20 00:00:00+08:00,
2015-08-21 00:00:00+08:00,
2015-08-24 00:00:00+08:00,
2015-08-25 00:00:00+08:00,
2015-08-26 00:00:00+08:00,
2015-08-27 00:00:00+08:00,
2015-08-28 00:00:00+08:00,
2015-08-31 00:00:00+08:00,
2015-09-01 00:00:00+08:00,
2015-09-02 00:00:00+08:00,
2015-09-04 00:00:00+08:00,
2015-09-07 00:00:00+08:00,
2015-09-08 00:00:00+08:00,
2015-09-09 00:00:00+08:00,
2015-09-10 00:00:00+08:00,
2015-09-11 00:00:00+08:00,
2015-09-14 00:00:00+08:00,
2015-09-15 00:00:00+08:00,
2015-09-16 00:00:00+08:00,
2015-09-17 00:00:00+08:00,
2015-09-18 00:00:00+08:00,
2015-09-21 00:00:00+08:00,
2015-09-22 00:00:00+08:00,
2015-09-23 00:00:00+08:00,
2015-09-24 00:00:00+08:00,
2015-09-25 00:00:00+08:00,
2015-09-29 00:00:00+08:00,
2015-09-30 00:00:00+08:00,
2015-10-02 00:00:00+08:00,
2015-10-05 00:00:00+08:00,
2015-10-06 00:00:00+08:00,
2015-10-07 00:00:00+08:00,
2015-10-08 00:00:00+08:00,
2015-10-09 00:00:00+08:00,
2015-10-12 00:00:00+08:00,
2015-10-13 00:00:00+08:00,
2015-10-14 00:00:00+08:00,
2015-10-15 00:00:00+08:00,
2015-10-16 00:00:00+08:00,
2015-10-19 00:00:00+08:00,
2015-10-20 00:00:00+08:00,
2015-10-22 00:00:00+08:00,
2015-10-23 00:00:00+08:00,
2015-10-26 00:00:00+08:00,
2015-10-27 00:00:00+08:00,
2015-10-28 00:00:00+08:00,
2015-10-29 00:00:00+08:00,
2015-10-30 00:00:00+08:00,
2015-11-02 00:00:00+08:00,
2015-11-03 00:00:00+08:00,
2015-11-04 00:00:00+08:00,
2015-11-05 00:00:00+08:00,
2015-11-06 00:00:00+08:00,
2015-11-09 00:00:00+08:00,
2015-11-10 00:00:00+08:00,
2015-11-11 00:00:00+08:00,
2015-11-12 00:00:00+08:00,
2015-11-13 00:00:00+08:00,
2015-11-16 00:00:00+08:00,
2015-11-17 00:00:00+08:00,
2015-11-18 00:00:00+08:00,
2015-11-19 00:00:00+08:00,
2015-11-20 00:00:00+08:00,
2015-11-23 00:00:00+08:00,
2015-11-24 00:00:00+08:00,
2015-11-25 00:00:00+08:00,
2015-11-26 00:00:00+08:00,
2015-11-27 00:00:00+08:00,
2015-11-30 00:00:00+08:00,
2015-12-01 00:00:00+08:00,
2015-12-02 00:00:00+08:00,
2015-12-03 00:00:00+08:00,
2015-12-04 00:00:00+08:00,
2015-12-07 00:00:00+08:00,
2015-12-08 00:00:00+08:00,
2015-12-09 00:00:00+08:00,
2015-12-10 00:00:00+08:00,
2015-12-11 00:00:00+08:00,
2015-12-14 00:00:00+08:00,
2015-12-15 00:00:00+08:00,
2015-12-16 00:00:00+08:00,
2015-12-17 00:00:00+08:00,
2015-12-18 00:00:00+08:00,
2015-12-21 00:00:00+08:00,
2015-12-22 00:00:00+08:00,
2015-12-23 00:00:00+08:00,
2015-12-24 00:00:00+08:00,
2015-12-28 00:00:00+08:00,
2015-12-29 00:00:00+08:00,
2015-12-30 00:00:00+08:00,
2015-12-31 00:00:00+08:00,
2016-01-04 00:00:00+08:00,
2016-01-05 00:00:00+08:00,
2016-01-06 00:00:00+08:00,
2016-01-07 00:00:00+08:00,
2016-01-08 00:00:00+08:00,
2016-01-11 00:00:00+08:00,
2016-01-12 00:00:00+08:00,
2016-01-13 00:00:00+08:00,
2016-01-14 00:00:00+08:00,
2016-01-15 00:00:00+08:00,
2016-01-18 00:00:00+08:00,
2016-01-19 00:00:00+08:00,
2016-01-20 00:00:00+08:00,
2016-01-21 00:00:00+08:00,
2016-01-22 00:00:00+08:00,
2016-01-25 00:00:00+08:00,
2016-01-26 00:00:00+08:00,
2016-01-27 00:00:00+08:00,
2016-01-28 00:00:00+08:00,
2016-01-29 00:00:00+08:00,
2016-02-01 00:00:00+08:00,
2016-02-02 00:00:00+08:00,
2016-02-03 00:00:00+08:00,
2016-02-04 00:00:00+08:00,
2016-02-05 00:00:00+08:00,
2016-02-11 00:00:00+08:00,
2016-02-12 00:00:00+08:00,
2016-02-15 00:00:00+08:00,
2016-02-16 00:00:00+08:00,
2016-02-17 00:00:00+08:00,
2016-02-18 00:00:00+08:00,
2016-02-19 00:00:00+08:00,
2016-02-22 00:00:00+08:00,
2016-02-23 00:00:00+08:00,
2016-02-24 00:00:00+08:00,
2016-02-25 00:00:00+08:00,
2016-02-26 00:00:00+08:00,
2016-02-29 00:00:00+08:00,
2016-03-01 00:00:00+08:00,
2016-03-02 00:00:00+08:00,
2016-03-03 00:00:00+08:00,
2016-03-04 00:00:00+08:00,
2016-03-07 00:00:00+08:00,
2016-03-08 00:00:00+08:00,
2016-03-09 00:00:00+08:00,
2016-03-10 00:00:00+08:00,
2016-03-11 00:00:00+08:00,
2016-03-14 00:00:00+08:00,
2016-03-15 00:00:00+08:00,
2016-03-16 00:00:00+08:00,
2016-03-17 00:00:00+08:00,
2016-03-18 00:00:00+08:00,
2016-03-21 00:00:00+08:00,
2016-03-22 00:00:00+08:00,
2016-03-23 00:00:00+08:00,
2016-03-24 00:00:00+08:00,
2016-03-29 00:00:00+08:00,
2016-03-30 00:00:00+08:00,
2016-03-31 00:00:00+08:00,
2016-04-01 00:00:00+08:00,
2016-04-05 00:00:00+08:00,
2016-04-06 00:00:00+08:00,
2016-04-07 00:00:00+08:00,
2016-04-08 00:00:00+08:00,
2016-04-11 00:00:00+08:00,
2016-04-12 00:00:00+08:00,
2016-04-13 00:00:00+08:00,
2016-04-14 00:00:00+08:00,
2016-04-15 00:00:00+08:00,
2016-04-18 00:00:00+08:00,
2016-04-19 00:00:00+08:00,
2016-04-20 00:00:00+08:00,
2016-04-21 00:00:00+08:00,
2016-04-22 00:00:00+08:00,
2016-04-25 00:00:00+08:00,
2016-04-26 00:00:00+08:00,
2016-04-27 00:00:00+08:00,
2016-04-28 00:00:00+08:00,
2016-04-29 00:00:00+08:00,
2016-05-03 00:00:00+08:00,
2016-05-04 00:00:00+08:00,
2016-05-05 00:00:00+08:00,
2016-05-06 00:00:00+08:00,
2016-05-09 00:00:00+08:00,
2016-05-10 00:00:00+08:00,
2016-05-11 00:00:00+08:00,
2016-05-12 00:00:00+08:00,
2016-05-13 00:00:00+08:00,
2016-05-16 00:00:00+08:00,
2016-05-17 00:00:00+08:00,
2016-05-18 00:00:00+08:00,
2016-05-19 00:00:00+08:00,
2016-05-20 00:00:00+08:00,
2016-05-23 00:00:00+08:00,
2016-05-24 00:00:00+08:00,
2016-05-25 00:00:00+08:00,
2016-05-26 00:00:00+08:00,
2016-05-27 00:00:00+08:00,
2016-05-30 00:00:00+08:00,
2016-05-31 00:00:00+08:00,
2016-06-01 00:00:00+08:00,
2016-06-02 00:00:00+08:00,
2016-06-03 00:00:00+08:00,
2016-06-06 00:00:00+08:00,
2016-06-07 00:00:00+08:00,
2016-06-08 00:00:00+08:00,
2016-06-10 00:00:00+08:00,
2016-06-13 00:00:00+08:00,
2016-06-14 00:00:00+08:00,
2016-06-15 00:00:00+08:00,
2016-06-16 00:00:00+08:00,
2016-06-17 00:00:00+08:00,
2016-06-20 00:00:00+08:00,
2016-06-21 00:00:00+08:00,
2016-06-22 00:00:00+08:00,
2016-06-23 00:00:00+08:00,
2016-06-24 00:00:00+08:00,
2016-06-27 00:00:00+08:00,
2016-06-28 00:00:00+08:00,
2016-06-29 00:00:00+08:00,
2016-06-30 00:00:00+08:00,
2016-07-04 00:00:00+08:00,
2016-07-05 00:00:00+08:00,
2016-07-06 00:00:00+08:00,
2016-07-07 00:00:00+08:00,
2016-07-08 00:00:00+08:00,
2016-07-11 00:00:00+08:00,
2016-07-12 00:00:00+08:00,
2016-07-13 00:00:00+08:00,
2016-07-14 00:00:00+08:00,
2016-07-15 00:00:00+08:00,
2016-07-18 00:00:00+08:00,
2016-07-19 00:00:00+08:00,
2016-07-20 00:00:00+08:00,
2016-07-21 00:00:00+08:00,
2016-07-22 00:00:00+08:00,
2016-07-25 00:00:00+08:00,
2016-07-26 00:00:00+08:00,
2016-07-27 00:00:00+08:00,
2016-07-28 00:00:00+08:00,
2016-07-29 00:00:00+08:00,
2016-08-01 00:00:00+08:00,
2016-08-03 00:00:00+08:00,
2016-08-04 00:00:00+08:00,
2016-08-05 00:00:00+08:00,
2016-08-08 00:00:00+08:00,
2016-08-09 00:00:00+08:00,
2016-08-10 00:00:00+08:00,
2016-08-11 00:00:00+08:00,
2016-08-12 00:00:00+08:00,
2016-08-15 00:00:00+08:00,
2016-08-16 00:00:00+08:00,
2016-08-17 00:00:00+08:00,
2016-08-18 00:00:00+08:00,
2016-08-19 00:00:00+08:00,
2016-08-22 00:00:00+08:00,
2016-08-23 00:00:00+08:00,
2016-08-24 00:00:00+08:00,
2016-08-25 00:00:00+08:00,
2016-08-26 00:00:00+08:00,
2016-08-29 00:00:00+08:00,
2016-08-30 00:00:00+08:00,
2016-08-31 00:00:00+08:00,
2016-09-01 00:00:00+08:00,
2016-09-02 00:00:00+08:00,
2016-09-05 00:00:00+08:00,
2016-09-06 00:00:00+08:00,
2016-09-07 00:00:00+08:00,
2016-09-08 00:00:00+08:00,
2016-09-09 00:00:00+08:00,
2016-09-12 00:00:00+08:00,
2016-09-13 00:00:00+08:00,
2016-09-14 00:00:00+08:00,
2016-09-15 00:00:00+08:00,
2016-09-19 00:00:00+08:00,
2016-09-20 00:00:00+08:00,
2016-09-21 00:00:00+08:00,
2016-09-22 00:00:00+08:00,
2016-09-23 00:00:00+08:00,
2016-09-26 00:00:00+08:00,
2016-09-27 00:00:00+08:00,
2016-09-28 00:00:00+08:00,
2016-09-29 00:00:00+08:00,
2016-09-30 00:00:00+08:00,
2016-10-03 00:00:00+08:00,
2016-10-04 00:00:00+08:00,
2016-10-05 00:00:00+08:00,
2016-10-06 00:00:00+08:00,
2016-10-07 00:00:00+08:00,
2016-10-11 00:00:00+08:00,
2016-10-12 00:00:00+08:00,
2016-10-13 00:00:00+08:00,
2016-10-14 00:00:00+08:00,
2016-10-17 00:00:00+08:00,
2016-10-18 00:00:00+08:00,
2016-10-19 00:00:00+08:00,
2016-10-20 00:00:00+08:00,
2016-10-24 00:00:00+08:00,
2016-10-25 00:00:00+08:00,
2016-10-26 00:00:00+08:00,
2016-10-27 00:00:00+08:00,
2016-10-28 00:00:00+08:00,
2016-10-31 00:00:00+08:00,
2016-11-01 00:00:00+08:00,
2016-11-02 00:00:00+08:00,
2016-11-03 00:00:00+08:00,
2016-11-04 00:00:00+08:00,
2016-11-07 00:00:00+08:00,
2016-11-08 00:00:00+08:00,
2016-11-09 00:00:00+08:00,
2016-11-10 00:00:00+08:00,
2016-11-11 00:00:00+08:00,
2016-11-14 00:00:00+08:00,
2016-11-15 00:00:00+08:00,
2016-11-16 00:00:00+08:00,
2016-11-17 00:00:00+08:00,
2016-11-18 00:00:00+08:00,
2016-11-21 00:00:00+08:00,
2016-11-22 00:00:00+08:00,
2016-11-23 00:00:00+08:00,
2016-11-24 00:00:00+08:00,
2016-11-25 00:00:00+08:00,
2016-11-28 00:00:00+08:00,
2016-11-29 00:00:00+08:00,
2016-11-30 00:00:00+08:00,
2016-12-01 00:00:00+08:00,
2016-12-02 00:00:00+08:00,
2016-12-05 00:00:00+08:00,
2016-12-06 00:00:00+08:00,
2016-12-07 00:00:00+08:00,
2016-12-08 00:00:00+08:00,
2016-12-09 00:00:00+08:00,
2016-12-12 00:00:00+08:00,
2016-12-13 00:00:00+08:00,
2016-12-14 00:00:00+08:00,
2016-12-15 00:00:00+08:00,
2016-12-16 00:00:00+08:00,
2016-12-19 00:00:00+08:00,
2016-12-20 00:00:00+08:00,
2016-12-21 00:00:00+08:00,
2016-12-22 00:00:00+08:00,
2016-12-23 00:00:00+08:00,
2016-12-28 00:00:00+08:00,
2016-12-29 00:00:00+08:00,
2016-12-30 00:00:00+08:00,
2017-01-03 00:00:00+08:00,
2017-01-04 00:00:00+08:00,
2017-01-05 00:00:00+08:00,
2017-01-06 00:00:00+08:00,
2017-01-09 00:00:00+08:00,
2017-01-10 00:00:00+08:00,
2017-01-11 00:00:00+08:00,
2017-01-12 00:00:00+08:00,
2017-01-13 00:00:00+08:00,
2017-01-16 00:00:00+08:00,
2017-01-17 00:00:00+08:00,
2017-01-18 00:00:00+08:00,
2017-01-19 00:00:00+08:00,
2017-01-20 00:00:00+08:00,
2017-01-23 00:00:00+08:00,
2017-01-24 00:00:00+08:00,
2017-01-25 00:00:00+08:00,
2017-01-26 00:00:00+08:00,
2017-01-27 00:00:00+08:00,
2017-02-01 00:00:00+08:00,
2017-02-02 00:00:00+08:00,
2017-02-03 00:00:00+08:00,
2017-02-06 00:00:00+08:00,
2017-02-07 00:00:00+08:00,
2017-02-08 00:00:00+08:00,
2017-02-09 00:00:00+08:00,
2017-02-10 00:00:00+08:00,
2017-02-13 00:00:00+08:00,
2017-02-14 00:00:00+08:00,
2017-02-15 00:00:00+08:00,
2017-02-16 00:00:00+08:00,
2017-02-17 00:00:00+08:00,
2017-02-20 00:00:00+08:00,
2017-02-21 00:00:00+08:00,
2017-02-22 00:00:00+08:00,
2017-02-23 00:00:00+08:00,
2017-02-24 00:00:00+08:00,
2017-02-27 00:00:00+08:00,
2017-02-28 00:00:00+08:00,
2017-03-01 00:00:00+08:00,
2017-03-02 00:00:00+08:00,
2017-03-03 00:00:00+08:00,
2017-03-06 00:00:00+08:00,
2017-03-07 00:00:00+08:00,
2017-03-08 00:00:00+08:00,
2017-03-09 00:00:00+08:00,
2017-03-10 00:00:00+08:00,
2017-03-13 00:00:00+08:00,
2017-03-14 00:00:00+08:00,
2017-03-15 00:00:00+08:00,
2017-03-16 00:00:00+08:00,
2017-03-17 00:00:00+08:00,
2017-03-20 00:00:00+08:00,
2017-03-21 00:00:00+08:00,
2017-03-22 00:00:00+08:00,
2017-03-23 00:00:00+08:00,
2017-03-24 00:00:00+08:00,
2017-03-27 00:00:00+08:00,
2017-03-28 00:00:00+08:00,
2017-03-29 00:00:00+08:00,
2017-03-30 00:00:00+08:00,
2017-03-31 00:00:00+08:00,
2017-04-03 00:00:00+08:00,
2017-04-05 00:00:00+08:00,
2017-04-06 00:00:00+08:00,
2017-04-07 00:00:00+08:00,
2017-04-10 00:00:00+08:00,
2017-04-11 00:00:00+08:00,
2017-04-12 00:00:00+08:00,
2017-04-13 00:00:00+08:00,
2017-04-18 00:00:00+08:00,
2017-04-19 00:00:00+08:00,
2017-04-20 00:00:00+08:00,
2017-04-21 00:00:00+08:00,
2017-04-24 00:00:00+08:00,
2017-04-25 00:00:00+08:00,
2017-04-26 00:00:00+08:00,
2017-04-27 00:00:00+08:00,
2017-04-28 00:00:00+08:00,
2017-05-02 00:00:00+08:00,
2017-05-04 00:00:00+08:00,
2017-05-05 00:00:00+08:00,
2017-05-08 00:00:00+08:00,
2017-05-09 00:00:00+08:00,
2017-05-10 00:00:00+08:00,
2017-05-11 00:00:00+08:00,
2017-05-12 00:00:00+08:00,
2017-05-15 00:00:00+08:00,
2017-05-16 00:00:00+08:00,
2017-05-17 00:00:00+08:00,
2017-05-18 00:00:00+08:00,
2017-05-19 00:00:00+08:00,
2017-05-22 00:00:00+08:00,
2017-05-23 00:00:00+08:00,
2017-05-24 00:00:00+08:00,
2017-05-25 00:00:00+08:00,
2017-05-26 00:00:00+08:00,
2017-05-29 00:00:00+08:00,
2017-05-31 00:00:00+08:00,
2017-06-01 00:00:00+08:00,
2017-06-02 00:00:00+08:00,
2017-06-05 00:00:00+08:00,
2017-06-06 00:00:00+08:00,
2017-06-07 00:00:00+08:00,
2017-06-08 00:00:00+08:00,
2017-06-09 00:00:00+08:00,
2017-06-12 00:00:00+08:00,
2017-06-13 00:00:00+08:00,
2017-06-14 00:00:00+08:00,
2017-06-15 00:00:00+08:00,
2017-06-16 00:00:00+08:00,
2017-06-19 00:00:00+08:00,
2017-06-20 00:00:00+08:00,
2017-06-21 00:00:00+08:00,
2017-06-22 00:00:00+08:00,
2017-06-23 00:00:00+08:00,
2017-06-26 00:00:00+08:00,
2017-06-27 00:00:00+08:00,
2017-06-28 00:00:00+08:00,
2017-06-29 00:00:00+08:00,
2017-06-30 00:00:00+08:00,
2017-07-03 00:00:00+08:00,
2017-07-04 00:00:00+08:00,
2017-07-05 00:00:00+08:00,
2017-07-06 00:00:00+08:00,
2017-07-07 00:00:00+08:00,
2017-07-10 00:00:00+08:00,
2017-07-11 00:00:00+08:00,
2017-07-12 00:00:00+08:00,
2017-07-13 00:00:00+08:00,
2017-07-14 00:00:00+08:00,
2017-07-17 00:00:00+08:00,
2017-07-18 00:00:00+08:00,
2017-07-19 00:00:00+08:00,
2017-07-20 00:00:00+08:00,
2017-07-21 00:00:00+08:00,
2017-07-24 00:00:00+08:00,
2017-07-25 00:00:00+08:00,
2017-07-26 00:00:00+08:00,
2017-07-27 00:00:00+08:00,
2017-07-28 00:00:00+08:00,
2017-07-31 00:00:00+08:00,
2017-08-01 00:00:00+08:00,
2017-08-02 00:00:00+08:00,
2017-08-03 00:00:00+08:00,
2017-08-04 00:00:00+08:00,
2017-08-07 00:00:00+08:00,
2017-08-08 00:00:00+08:00,
2017-08-09 00:00:00+08:00,
2017-08-10 00:00:00+08:00,
2017-08-11 00:00:00+08:00,
2017-08-14 00:00:00+08:00,
2017-08-15 00:00:00+08:00,
2017-08-16 00:00:00+08:00,
2017-08-17 00:00:00+08:00,
2017-08-18 00:00:00+08:00,
2017-08-21 00:00:00+08:00,
2017-08-22 00:00:00+08:00,
2017-08-24 00:00:00+08:00,
2017-08-25 00:00:00+08:00,
2017-08-28 00:00:00+08:00,
2017-08-29 00:00:00+08:00,
2017-08-30 00:00:00+08:00,
2017-08-31 00:00:00+08:00,
2017-09-01 00:00:00+08:00,
2017-09-04 00:00:00+08:00,
2017-09-05 00:00:00+08:00,
2017-09-06 00:00:00+08:00,
2017-09-07 00:00:00+08:00,
2017-09-08 00:00:00+08:00,
2017-09-11 00:00:00+08:00,
2017-09-12 00:00:00+08:00,
2017-09-13 00:00:00+08:00,
2017-09-14 00:00:00+08:00,
2017-09-15 00:00:00+08:00,
2017-09-18 00:00:00+08:00,
2017-09-19 00:00:00+08:00,
2017-09-20 00:00:00+08:00,
2017-09-21 00:00:00+08:00,
2017-09-22 00:00:00+08:00,
2017-09-25 00:00:00+08:00,
2017-09-26 00:00:00+08:00,
2017-09-27 00:00:00+08:00,
2017-09-28 00:00:00+08:00,
2017-09-29 00:00:00+08:00,
2017-10-03 00:00:00+08:00,
2017-10-04 00:00:00+08:00,
2017-10-06 00:00:00+08:00,
2017-10-09 00:00:00+08:00,
2017-10-10 00:00:00+08:00,
2017-10-11 00:00:00+08:00,
2017-10-12 00:00:00+08:00,
2017-10-13 00:00:00+08:00,
2017-10-16 00:00:00+08:00,
2017-10-17 00:00:00+08:00,
2017-10-18 00:00:00+08:00,
2017-10-19 00:00:00+08:00,
2017-10-20 00:00:00+08:00,
2017-10-23 00:00:00+08:00,
2017-10-24 00:00:00+08:00,
2017-10-25 00:00:00+08:00,
2017-10-26 00:00:00+08:00,
2017-10-27 00:00:00+08:00,
2017-10-30 00:00:00+08:00,
2017-10-31 00:00:00+08:00,
2017-11-01 00:00:00+08:00,
2017-11-02 00:00:00+08:00,
2017-11-03 00:00:00+08:00,
2017-11-06 00:00:00+08:00,
2017-11-07 00:00:00+08:00,
2017-11-08 00:00:00+08:00,
2017-11-09 00:00:00+08:00,
2017-11-10 00:00:00+08:00,
2017-11-13 00:00:00+08:00,
2017-11-14 00:00:00+08:00,
2017-11-15 00:00:00+08:00,
2017-11-16 00:00:00+08:00,
2017-11-17 00:00:00+08:00,
2017-11-20 00:00:00+08:00,
2017-11-21 00:00:00+08:00,
2017-11-22 00:00:00+08:00,
2017-11-23 00:00:00+08:00,
2017-11-24 00:00:00+08:00,
2017-11-27 00:00:00+08:00,
2017-11-28 00:00:00+08:00,
2017-11-29 00:00:00+08:00,
2017-11-30 00:00:00+08:00,
2017-12-01 00:00:00+08:00,
2017-12-04 00:00:00+08:00,
2017-12-05 00:00:00+08:00,
2017-12-06 00:00:00+08:00,
2017-12-07 00:00:00+08:00,
2017-12-08 00:00:00+08:00,
2017-12-11 00:00:00+08:00,
2017-12-12 00:00:00+08:00,
2017-12-13 00:00:00+08:00,
2017-12-14 00:00:00+08:00,
2017-12-15 00:00:00+08:00,
2017-12-18 00:00:00+08:00,
2017-12-19 00:00:00+08:00,
2017-12-20 00:00:00+08:00,
2017-12-21 00:00:00+08:00,
2017-12-22 00:00:00+08:00,
2017-12-27 00:00:00+08:00,
2017-12-28 00:00:00+08:00,
2017-12-29 00:00:00+08:00,
2018-01-02 00:00:00+08:00,
2018-01-03 00:00:00+08:00,
2018-01-04 00:00:00+08:00,
2018-01-05 00:00:00+08:00,
2018-01-08 00:00:00+08:00,
2018-01-09 00:00:00+08:00,
2018-01-10 00:00:00+08:00,
2018-01-11 00:00:00+08:00,
2018-01-12 00:00:00+08:00,
2018-01-15 00:00:00+08:00,
2018-01-16 00:00:00+08:00,
2018-01-17 00:00:00+08:00,
2018-01-18 00:00:00+08:00,
2018-01-19 00:00:00+08:00,
2018-01-22 00:00:00+08:00,
2018-01-23 00:00:00+08:00,
2018-01-24 00:00:00+08:00,
2018-01-25 00:00:00+08:00,
2018-01-26 00:00:00+08:00,
2018-01-29 00:00:00+08:00,
2018-01-30 00:00:00+08:00,
2018-01-31 00:00:00+08:00,
2018-02-01 00:00:00+08:00,
2018-02-02 00:00:00+08:00,
2018-02-05 00:00:00+08:00,
2018-02-06 00:00:00+08:00,
2018-02-07 00:00:00+08:00,
2018-02-08 00:00:00+08:00,
2018-02-09 00:00:00+08:00,
2018-02-12 00:00:00+08:00,
2018-02-13 00:00:00+08:00,
2018-02-14 00:00:00+08:00,
2018-02-15 00:00:00+08:00,
2018-02-20 00:00:00+08:00,
2018-02-21 00:00:00+08:00,
2018-02-22 00:00:00+08:00,
2018-02-23 00:00:00+08:00,
2018-02-26 00:00:00+08:00,
2018-02-27 00:00:00+08:00,
2018-02-28 00:00:00+08:00,
2018-03-01 00:00:00+08:00,
2018-03-02 00:00:00+08:00,
2018-03-05 00:00:00+08:00,
2018-03-06 00:00:00+08:00,
2018-03-07 00:00:00+08:00,
2018-03-08 00:00:00+08:00,
2018-03-09 00:00:00+08:00,
2018-03-12 00:00:00+08:00,
2018-03-13 00:00:00+08:00,
2018-03-14 00:00:00+08:00,
2018-03-15 00:00:00+08:00,
2018-03-16 00:00:00+08:00,
2018-03-19 00:00:00+08:00,
2018-03-20 00:00:00+08:00,
2018-03-21 00:00:00+08:00,
2018-03-22 00:00:00+08:00,
2018-03-23 00:00:00+08:00,
2018-03-26 00:00:00+08:00,
2018-03-27 00:00:00+08:00,
2018-03-28 00:00:00+08:00,
2018-03-29 00:00:00+08:00,
2018-04-03 00:00:00+08:00,
2018-04-04 00:00:00+08:00,
2018-04-06 00:00:00+08:00,
2018-04-09 00:00:00+08:00,
2018-04-10 00:00:00+08:00,
2018-04-11 00:00:00+08:00,
2018-04-12 00:00:00+08:00,
2018-04-13 00:00:00+08:00,
2018-04-16 00:00:00+08:00,
2018-04-17 00:00:00+08:00,
2018-04-18 00:00:00+08:00,
2018-04-19 00:00:00+08:00,
2018-04-20 00:00:00+08:00,
2018-04-23 00:00:00+08:00,
2018-04-24 00:00:00+08:00,
2018-04-25 00:00:00+08:00,
2018-04-26 00:00:00+08:00,
2018-04-27 00:00:00+08:00,
2018-04-30 00:00:00+08:00,
2018-05-02 00:00:00+08:00,
2018-05-03 00:00:00+08:00,
2018-05-04 00:00:00+08:00,
2018-05-07 00:00:00+08:00,
2018-05-08 00:00:00+08:00,
2018-05-09 00:00:00+08:00,
2018-05-10 00:00:00+08:00,
2018-05-11 00:00:00+08:00,
2018-05-14 00:00:00+08:00,
2018-05-15 00:00:00+08:00,
2018-05-16 00:00:00+08:00,
2018-05-17 00:00:00+08:00,
2018-05-18 00:00:00+08:00,
2018-05-21 00:00:00+08:00,
2018-05-23 00:00:00+08:00,
2018-05-24 00:00:00+08:00,
2018-05-25 00:00:00+08:00,
2018-05-28 00:00:00+08:00,
2018-05-29 00:00:00+08:00,
2018-05-30 00:00:00+08:00,
2018-05-31 00:00:00+08:00,
2018-06-01 00:00:00+08:00,
2018-06-04 00:00:00+08:00,
2018-06-05 00:00:00+08:00,
2018-06-06 00:00:00+08:00,
2018-06-07 00:00:00+08:00,
2018-06-08 00:00:00+08:00,
2018-06-11 00:00:00+08:00,
2018-06-12 00:00:00+08:00,
2018-06-13 00:00:00+08:00,
2018-06-14 00:00:00+08:00,
2018-06-15 00:00:00+08:00,
2018-06-19 00:00:00+08:00,
2018-06-20 00:00:00+08:00,
2018-06-21 00:00:00+08:00,
2018-06-22 00:00:00+08:00,
2018-06-25 00:00:00+08:00,
2018-06-26 00:00:00+08:00,
2018-06-27 00:00:00+08:00,
2018-06-28 00:00:00+08:00,
2018-06-29 00:00:00+08:00,
2018-07-03 00:00:00+08:00,
2018-07-04 00:00:00+08:00,
2018-07-05 00:00:00+08:00,
2018-07-06 00:00:00+08:00,
2018-07-09 00:00:00+08:00,
2018-07-10 00:00:00+08:00,
2018-07-11 00:00:00+08:00,
2018-07-12 00:00:00+08:00,
2018-07-13 00:00:00+08:00,
2018-07-16 00:00:00+08:00,
2018-07-17 00:00:00+08:00,
2018-07-18 00:00:00+08:00,
2018-07-19 00:00:00+08:00,
2018-07-20 00:00:00+08:00,
2018-07-23 00:00:00+08:00,
2018-07-24 00:00:00+08:00,
2018-07-25 00:00:00+08:00,
2018-07-26 00:00:00+08:00,
2018-07-27 00:00:00+08:00,
2018-07-30 00:00:00+08:00,
2018-07-31 00:00:00+08:00,
2018-08-01 00:00:00+08:00,
2018-08-02 00:00:00+08:00,
2018-08-03 00:00:00+08:00,
2018-08-06 00:00:00+08:00,
2018-08-07 00:00:00+08:00,
2018-08-08 00:00:00+08:00,
2018-08-09 00:00:00+08:00,
2018-08-10 00:00:00+08:00,
2018-08-13 00:00:00+08:00,
2018-08-14 00:00:00+08:00,
2018-08-15 00:00:00+08:00,
2018-08-16 00:00:00+08:00,
2018-08-17 00:00:00+08:00,
2018-08-20 00:00:00+08:00,
2018-08-21 00:00:00+08:00,
2018-08-22 00:00:00+08:00,
2018-08-23 00:00:00+08:00,
2018-08-24 00:00:00+08:00,
2018-08-27 00:00:00+08:00,
2018-08-28 00:00:00+08:00,
2018-08-29 00:00:00+08:00,
2018-08-30 00:00:00+08:00,
2018-08-31 00:00:00+08:00,
2018-09-03 00:00:00+08:00,
2018-09-04 00:00:00+08:00,
2018-09-05 00:00:00+08:00,
2018-09-06 00:00:00+08:00,
2018-09-07 00:00:00+08:00,
2018-09-10 00:00:00+08:00,
2018-09-11 00:00:00+08:00,
2018-09-12 00:00:00+08:00,
2018-09-13 00:00:00+08:00,
2018-09-14 00:00:00+08:00,
2018-09-17 00:00:00+08:00,
2018-09-18 00:00:00+08:00,
2018-09-19 00:00:00+08:00,
2018-09-20 00:00:00+08:00,
2018-09-21 00:00:00+08:00,
2018-09-24 00:00:00+08:00,
2018-09-26 00:00:00+08:00,
2018-09-27 00:00:00+08:00,
2018-09-28 00:00:00+08:00,
2018-10-02 00:00:00+08:00,
2018-10-03 00:00:00+08:00,
2018-10-04 00:00:00+08:00,
2018-10-05 00:00:00+08:00,
2018-10-08 00:00:00+08:00,
2018-10-09 00:00:00+08:00,
2018-10-10 00:00:00+08:00,
2018-10-11 00:00:00+08:00,
2018-10-12 00:00:00+08:00,
2018-10-15 00:00:00+08:00,
2018-10-16 00:00:00+08:00,
2018-10-18 00:00:00+08:00,
2018-10-19 00:00:00+08:00,
2018-10-22 00:00:00+08:00,
2018-10-23 00:00:00+08:00,
2018-10-24 00:00:00+08:00,
2018-10-25 00:00:00+08:00,
2018-10-26 00:00:00+08:00,
2018-10-29 00:00:00+08:00,
2018-10-30 00:00:00+08:00,
2018-10-31 00:00:00+08:00,
2018-11-01 00:00:00+08:00,
2018-11-02 00:00:00+08:00,
2018-11-05 00:00:00+08:00,
2018-11-06 00:00:00+08:00,
2018-11-07 00:00:00+08:00,
2018-11-08 00:00:00+08:00,
2018-11-09 00:00:00+08:00,
2018-11-12 00:00:00+08:00,
2018-11-13 00:00:00+08:00,
2018-11-14 00:00:00+08:00,
2018-11-15 00:00:00+08:00,
2018-11-16 00:00:00+08:00,
2018-11-19 00:00:00+08:00,
2018-11-20 00:00:00+08:00,
2018-11-21 00:00:00+08:00,
2018-11-22 00:00:00+08:00,
2018-11-23 00:00:00+08:00,
2018-11-26 00:00:00+08:00,
2018-11-27 00:00:00+08:00,
2018-11-28 00:00:00+08:00,
2018-11-29 00:00:00+08:00,
2018-11-30 00:00:00+08:00,
2018-12-03 00:00:00+08:00,
2018-12-04 00:00:00+08:00,
2018-12-05 00:00:00+08:00,
2018-12-06 00:00:00+08:00,
2018-12-07 00:00:00+08:00,
2018-12-10 00:00:00+08:00,
2018-12-11 00:00:00+08:00,
2018-12-12 00:00:00+08:00,
2018-12-13 00:00:00+08:00,
2018-12-14 00:00:00+08:00,
2018-12-17 00:00:00+08:00,
2018-12-18 00:00:00+08:00,
2018-12-19 00:00:00+08:00,
2018-12-20 00:00:00+08:00,
2018-12-21 00:00:00+08:00,
2018-12-24 00:00:00+08:00,
2018-12-27 00:00:00+08:00,
2018-12-28 00:00:00+08:00,
2018-12-31 00:00:00+08:00,
2019-01-02 00:00:00+08:00,
2019-01-03 00:00:00+08:00,
2019-01-04 00:00:00+08:00,
2019-01-07 00:00:00+08:00,
2019-01-08 00:00:00+08:00,
2019-01-09 00:00:00+08:00,
2019-01-10 00:00:00+08:00,
2019-01-11 00:00:00+08:00,
2019-01-14 00:00:00+08:00,
2019-01-15 00:00:00+08:00,
2019-01-16 00:00:00+08:00,
2019-01-17 00:00:00+08:00,
2019-01-18 00:00:00+08:00,
2019-01-21 00:00:00+08:00,
2019-01-22 00:00:00+08:00,
2019-01-23 00:00:00+08:00,
2019-01-24 00:00:00+08:00,
2019-01-25 00:00:00+08:00,
2019-01-28 00:00:00+08:00,
2019-01-29 00:00:00+08:00,
2019-01-30 00:00:00+08:00,
2019-01-31 00:00:00+08:00,
2019-02-01 00:00:00+08:00,
2019-02-04 00:00:00+08:00,
2019-02-08 00:00:00+08:00,
2019-02-11 00:00:00+08:00,
2019-02-12 00:00:00+08:00,
2019-02-13 00:00:00+08:00,
2019-02-14 00:00:00+08:00,
2019-02-15 00:00:00+08:00,
2019-02-18 00:00:00+08:00,
2019-02-19 00:00:00+08:00,
2019-02-20 00:00:00+08:00,
2019-02-21 00:00:00+08:00,
2019-02-22 00:00:00+08:00,
2019-02-25 00:00:00+08:00,
2019-02-26 00:00:00+08:00,
2019-02-27 00:00:00+08:00,
2019-02-28 00:00:00+08:00,
2019-03-01 00:00:00+08:00,
2019-03-04 00:00:00+08:00,
2019-03-05 00:00:00+08:00,
2019-03-06 00:00:00+08:00,
2019-03-07 00:00:00+08:00,
2019-03-08 00:00:00+08:00,
2019-03-11 00:00:00+08:00,
2019-03-12 00:00:00+08:00,
2019-03-13 00:00:00+08:00,
2019-03-14 00:00:00+08:00,
2019-03-15 00:00:00+08:00,
2019-03-18 00:00:00+08:00,
2019-03-19 00:00:00+08:00,
2019-03-20 00:00:00+08:00,
2019-03-21 00:00:00+08:00,
2019-03-22 00:00:00+08:00,
2019-03-25 00:00:00+08:00,
2019-03-26 00:00:00+08:00,
2019-03-27 00:00:00+08:00,
2019-03-28 00:00:00+08:00,
2019-03-29 00:00:00+08:00,
2019-04-01 00:00:00+08:00,
2019-04-02 00:00:00+08:00,
2019-04-03 00:00:00+08:00,
2019-04-04 00:00:00+08:00,
2019-04-08 00:00:00+08:00,
2019-04-09 00:00:00+08:00,
2019-04-10 00:00:00+08:00,
2019-04-11 00:00:00+08:00,
2019-04-12 00:00:00+08:00,
2019-04-15 00:00:00+08:00,
2019-04-16 00:00:00+08:00,
2019-04-17 00:00:00+08:00,
2019-04-18 00:00:00+08:00,
2019-04-23 00:00:00+08:00,
2019-04-24 00:00:00+08:00,
2019-04-25 00:00:00+08:00,
2019-04-26 00:00:00+08:00,
2019-04-29 00:00:00+08:00,
2019-04-30 00:00:00+08:00,
2019-05-02 00:00:00+08:00,
2019-05-03 00:00:00+08:00,
2019-05-06 00:00:00+08:00,
2019-05-07 00:00:00+08:00,
2019-05-08 00:00:00+08:00,
2019-05-09 00:00:00+08:00,
2019-05-10 00:00:00+08:00,
2019-05-14 00:00:00+08:00,
2019-05-15 00:00:00+08:00,
2019-05-16 00:00:00+08:00,
2019-05-17 00:00:00+08:00,
2019-05-20 00:00:00+08:00,
2019-05-21 00:00:00+08:00,
2019-05-22 00:00:00+08:00,
2019-05-23 00:00:00+08:00,
2019-05-24 00:00:00+08:00,
2019-05-27 00:00:00+08:00,
2019-05-28 00:00:00+08:00,
2019-05-29 00:00:00+08:00,
2019-05-30 00:00:00+08:00,
2019-05-31 00:00:00+08:00,
2019-06-03 00:00:00+08:00,
2019-06-04 00:00:00+08:00,
2019-06-05 00:00:00+08:00,
2019-06-06 00:00:00+08:00,
2019-06-10 00:00:00+08:00,
2019-06-11 00:00:00+08:00,
2019-06-12 00:00:00+08:00,
2019-06-13 00:00:00+08:00,
2019-06-14 00:00:00+08:00,
2019-06-17 00:00:00+08:00,
2019-06-18 00:00:00+08:00,
2019-06-19 00:00:00+08:00,
2019-06-20 00:00:00+08:00,
2019-06-21 00:00:00+08:00,
2019-06-24 00:00:00+08:00,
2019-06-25 00:00:00+08:00,
2019-06-26 00:00:00+08:00,
2019-06-27 00:00:00+08:00,
2019-06-28 00:00:00+08:00,
2019-07-02 00:00:00+08:00,
2019-07-03 00:00:00+08:00,
2019-07-04 00:00:00+08:00,
2019-07-05 00:00:00+08:00,
2019-07-08 00:00:00+08:00,
2019-07-09 00:00:00+08:00,
2019-07-10 00:00:00+08:00,
2019-07-11 00:00:00+08:00,
2019-07-12 00:00:00+08:00,
2019-07-15 00:00:00+08:00,
2019-07-16 00:00:00+08:00,
2019-07-17 00:00:00+08:00,
2019-07-18 00:00:00+08:00,
2019-07-19 00:00:00+08:00,
2019-07-22 00:00:00+08:00,
2019-07-23 00:00:00+08:00,
2019-07-24 00:00:00+08:00,
2019-07-25 00:00:00+08:00,
2019-07-26 00:00:00+08:00,
2019-07-29 00:00:00+08:00,
2019-07-30 00:00:00+08:00,
2019-07-31 00:00:00+08:00,
2019-08-01 00:00:00+08:00,
2019-08-02 00:00:00+08:00,
2019-08-05 00:00:00+08:00,
2019-08-06 00:00:00+08:00,
2019-08-07 00:00:00+08:00,
2019-08-08 00:00:00+08:00,
2019-08-09 00:00:00+08:00,
2019-08-12 00:00:00+08:00,
2019-08-13 00:00:00+08:00,
2019-08-14 00:00:00+08:00,
2019-08-15 00:00:00+08:00,
2019-08-16 00:00:00+08:00,
2019-08-19 00:00:00+08:00,
2019-08-20 00:00:00+08:00,
2019-08-21 00:00:00+08:00,
2019-08-22 00:00:00+08:00,
2019-08-23 00:00:00+08:00,
2019-08-26 00:00:00+08:00,
2019-08-27 00:00:00+08:00,
2019-08-28 00:00:00+08:00,
2019-08-29 00:00:00+08:00,
2019-08-30 00:00:00+08:00,
2019-09-02 00:00:00+08:00,
2019-09-03 00:00:00+08:00,
2019-09-04 00:00:00+08:00,
2019-09-05 00:00:00+08:00,
2019-09-06 00:00:00+08:00,
2019-09-09 00:00:00+08:00,
2019-09-10 00:00:00+08:00,
2019-09-11 00:00:00+08:00,
2019-09-12 00:00:00+08:00,
2019-09-13 00:00:00+08:00,
2019-09-16 00:00:00+08:00,
2019-09-17 00:00:00+08:00,
2019-09-18 00:00:00+08:00,
2019-09-19 00:00:00+08:00,
2019-09-20 00:00:00+08:00,
2019-09-23 00:00:00+08:00,
2019-09-24 00:00:00+08:00,
2019-09-25 00:00:00+08:00,
2019-09-26 00:00:00+08:00,
2019-09-27 00:00:00+08:00,
2019-09-30 00:00:00+08:00,
2019-10-02 00:00:00+08:00,
2019-10-03 00:00:00+08:00,
2019-10-04 00:00:00+08:00,
2019-10-08 00:00:00+08:00,
2019-10-09 00:00:00+08:00,
2019-10-10 00:00:00+08:00,
2019-10-11 00:00:00+08:00,
2019-10-14 00:00:00+08:00,
2019-10-15 00:00:00+08:00,
2019-10-16 00:00:00+08:00,
2019-10-17 00:00:00+08:00,
2019-10-18 00:00:00+08:00,
2019-10-21 00:00:00+08:00,
2019-10-22 00:00:00+08:00,
2019-10-23 00:00:00+08:00,
2019-10-24 00:00:00+08:00,
2019-10-25 00:00:00+08:00,
2019-10-28 00:00:00+08:00,
2019-10-29 00:00:00+08:00,
2019-10-30 00:00:00+08:00,
2019-10-31 00:00:00+08:00,
2019-11-01 00:00:00+08:00,
2019-11-04 00:00:00+08:00,
2019-11-05 00:00:00+08:00,
2019-11-06 00:00:00+08:00,
2019-11-07 00:00:00+08:00,
2019-11-08 00:00:00+08:00,
2019-11-11 00:00:00+08:00,
2019-11-12 00:00:00+08:00,
2019-11-13 00:00:00+08:00,
2019-11-14 00:00:00+08:00,
2019-11-15 00:00:00+08:00,
2019-11-18 00:00:00+08:00,
2019-11-19 00:00:00+08:00,
2019-11-20 00:00:00+08:00,
2019-11-21 00:00:00+08:00,
2019-11-22 00:00:00+08:00,
2019-11-25 00:00:00+08:00,
2019-11-26 00:00:00+08:00,
2019-11-27 00:00:00+08:00,
2019-11-28 00:00:00+08:00,
2019-11-29 00:00:00+08:00,
2019-12-02 00:00:00+08:00,
2019-12-03 00:00:00+08:00,
2019-12-04 00:00:00+08:00,
2019-12-05 00:00:00+08:00,
2019-12-06 00:00:00+08:00,
2019-12-09 00:00:00+08:00,
2019-12-10 00:00:00+08:00,
2019-12-11 00:00:00+08:00,
2019-12-12 00:00:00+08:00,
2019-12-13 00:00:00+08:00,
2019-12-16 00:00:00+08:00,
2019-12-17 00:00:00+08:00,
2019-12-18 00:00:00+08:00,
2019-12-19 00:00:00+08:00,
2019-12-20 00:00:00+08:00,
2019-12-23 00:00:00+08:00,
2019-12-24 00:00:00+08:00,
2019-12-27 00:00:00+08:00,
2019-12-30 00:00:00+08:00,
2019-12-31 00:00:00+08:00,
2020-01-02 00:00:00+08:00,
2020-01-03 00:00:00+08:00,
2020-01-06 00:00:00+08:00,
2020-01-07 00:00:00+08:00,
2020-01-08 00:00:00+08:00,
2020-01-09 00:00:00+08:00,
2020-01-10 00:00:00+08:00,
2020-01-13 00:00:00+08:00,
2020-01-14 00:00:00+08:00,
2020-01-15 00:00:00+08:00,
2020-01-16 00:00:00+08:00,
2020-01-17 00:00:00+08:00,
2020-01-20 00:00:00+08:00,
2020-01-21 00:00:00+08:00,
2020-01-22 00:00:00+08:00,
2020-01-23 00:00:00+08:00,
2020-01-24 00:00:00+08:00,
2020-01-29 00:00:00+08:00,
2020-01-30 00:00:00+08:00,
2020-01-31 00:00:00+08:00,
2020-02-03 00:00:00+08:00,
2020-02-04 00:00:00+08:00,
2020-02-05 00:00:00+08:00,
2020-02-06 00:00:00+08:00,
2020-02-07 00:00:00+08:00,
2020-02-10 00:00:00+08:00,
2020-02-11 00:00:00+08:00,
2020-02-12 00:00:00+08:00,
2020-02-13 00:00:00+08:00,
2020-02-14 00:00:00+08:00,
2020-02-17 00:00:00+08:00,
2020-02-18 00:00:00+08:00,
2020-02-19 00:00:00+08:00,
2020-02-20 00:00:00+08:00,
2020-02-21 00:00:00+08:00,
2020-02-24 00:00:00+08:00,
2020-02-25 00:00:00+08:00,
2020-02-26 00:00:00+08:00,
2020-02-27 00:00:00+08:00,
2020-02-28 00:00:00+08:00,
2020-03-02 00:00:00+08:00,
2020-03-03 00:00:00+08:00,
2020-03-04 00:00:00+08:00,
2020-03-05 00:00:00+08:00,
2020-03-06 00:00:00+08:00,
2020-03-09 00:00:00+08:00,
2020-03-10 00:00:00+08:00,
2020-03-11 00:00:00+08:00,
2020-03-12 00:00:00+08:00,
2020-03-13 00:00:00+08:00,
2020-03-16 00:00:00+08:00,
2020-03-17 00:00:00+08:00,
2020-03-18 00:00:00+08:00,
2020-03-19 00:00:00+08:00,
2020-03-20 00:00:00+08:00,
2020-03-23 00:00:00+08:00,
2020-03-24 00:00:00+08:00,
2020-03-25 00:00:00+08:00,
2020-03-26 00:00:00+08:00,
2020-03-27 00:00:00+08:00,
2020-03-30 00:00:00+08:00,
2020-03-31 00:00:00+08:00,
2020-04-01 00:00:00+08:00,
2020-04-02 00:00:00+08:00,
2020-04-03 00:00:00+08:00,
2020-04-06 00:00:00+08:00,
2020-04-07 00:00:00+08:00,
2020-04-08 00:00:00+08:00,
2020-04-09 00:00:00+08:00,
2020-04-14 00:00:00+08:00,
2020-04-15 00:00:00+08:00,
2020-04-16 00:00:00+08:00,
2020-04-17 00:00:00+08:00,
2020-04-20 00:00:00+08:00,
2020-04-21 00:00:00+08:00,
2020-04-22 00:00:00+08:00,
2020-04-23 00:00:00+08:00,
2020-04-24 00:00:00+08:00,
2020-04-27 00:00:00+08:00,
2020-04-28 00:00:00+08:00,
2020-04-29 00:00:00+08:00,
2020-05-04 00:00:00+08:00,
2020-05-05 00:00:00+08:00,
2020-05-06 00:00:00+08:00,
2020-05-07 00:00:00+08:00,
2020-05-08 00:00:00+08:00,
2020-05-11 00:00:00+08:00,
2020-05-12 00:00:00+08:00,
2020-05-13 00:00:00+08:00,
2020-05-14 00:00:00+08:00,
2020-05-15 00:00:00+08:00,
2020-05-18 00:00:00+08:00,
2020-05-19 00:00:00+08:00,
2020-05-20 00:00:00+08:00,
2020-05-21 00:00:00+08:00,
2020-05-22 00:00:00+08:00,
2020-05-25 00:00:00+08:00,
2020-05-26 00:00:00+08:00,
2020-05-27 00:00:00+08:00,
2020-05-28 00:00:00+08:00,
2020-05-29 00:00:00+08:00,
2020-06-01 00:00:00+08:00,
2020-06-02 00:00:00+08:00,
2020-06-03 00:00:00+08:00,
2020-06-04 00:00:00+08:00,
2020-06-05 00:00:00+08:00,
2020-06-08 00:00:00+08:00,
2020-06-09 00:00:00+08:00,
2020-06-10 00:00:00+08:00,
2020-06-11 00:00:00+08:00,
2020-06-12 00:00:00+08:00,
2020-06-15 00:00:00+08:00,
2020-06-16 00:00:00+08:00,
2020-06-17 00:00:00+08:00,
2020-06-18 00:00:00+08:00,
2020-06-19 00:00:00+08:00,
2020-06-22 00:00:00+08:00,
2020-06-23 00:00:00+08:00,
2020-06-24 00:00:00+08:00,
2020-06-26 00:00:00+08:00,
2020-06-29 00:00:00+08:00,
2020-06-30 00:00:00+08:00,
2020-07-02 00:00:00+08:00,
2020-07-03 00:00:00+08:00,
2020-07-06 00:00:00+08:00,
2020-07-07 00:00:00+08:00,
2020-07-08 00:00:00+08:00,
2020-07-09 00:00:00+08:00,
2020-07-10 00:00:00+08:00,
2020-07-13 00:00:00+08:00,
2020-07-14 00:00:00+08:00,
2020-07-15 00:00:00+08:00,
2020-07-16 00:00:00+08:00,
2020-07-17 00:00:00+08:00,
2020-07-20 00:00:00+08:00,
2020-07-21 00:00:00+08:00,
2020-07-22 00:00:00+08:00,
2020-07-23 00:00:00+08:00,
2020-07-24 00:00:00+08:00,
2020-07-27 00:00:00+08:00,
2020-07-28 00:00:00+08:00,
2020-07-29 00:00:00+08:00,
2020-07-30 00:00:00+08:00,
2020-07-31 00:00:00+08:00,
2020-08-03 00:00:00+08:00,
2020-08-04 00:00:00+08:00,
2020-08-05 00:00:00+08:00,
2020-08-06 00:00:00+08:00,
2020-08-07 00:00:00+08:00,
2020-08-10 00:00:00+08:00,
2020-08-11 00:00:00+08:00,
2020-08-12 00:00:00+08:00,
2020-08-13 00:00:00+08:00,
2020-08-14 00:00:00+08:00,
2020-08-17 00:00:00+08:00,
2020-08-18 00:00:00+08:00,
2020-08-19 00:00:00+08:00,
2020-08-20 00:00:00+08:00,
2020-08-21 00:00:00+08:00,
2020-08-24 00:00:00+08:00,
2020-08-25 00:00:00+08:00,
2020-08-26 00:00:00+08:00,
2020-08-27 00:00:00+08:00,
2020-08-28 00:00:00+08:00,
2020-08-31 00:00:00+08:00,
2020-09-01 00:00:00+08:00,
2020-09-02 00:00:00+08:00,
2020-09-03 00:00:00+08:00,
2020-09-04 00:00:00+08:00,
2020-09-07 00:00:00+08:00,
2020-09-08 00:00:00+08:00,
2020-09-09 00:00:00+08:00,
2020-09-10 00:00:00+08:00,
2020-09-11 00:00:00+08:00,
2020-09-14 00:00:00+08:00,
2020-09-15 00:00:00+08:00,
2020-09-16 00:00:00+08:00,
2020-09-17 00:00:00+08:00,
2020-09-18 00:00:00+08:00,
2020-09-21 00:00:00+08:00,
2020-09-22 00:00:00+08:00,
2020-09-23 00:00:00+08:00,
2020-09-24 00:00:00+08:00,
2020-09-25 00:00:00+08:00,
2020-09-28 00:00:00+08:00,
2020-09-29 00:00:00+08:00,
2020-09-30 00:00:00+08:00,
2020-10-05 00:00:00+08:00,
2020-10-06 00:00:00+08:00,
2020-10-07 00:00:00+08:00,
2020-10-08 00:00:00+08:00,
2020-10-09 00:00:00+08:00,
2020-10-12 00:00:00+08:00,
2020-10-14 00:00:00+08:00,
2020-10-15 00:00:00+08:00,
2020-10-16 00:00:00+08:00,
2020-10-19 00:00:00+08:00,
2020-10-20 00:00:00+08:00,
2020-10-21 00:00:00+08:00,
2020-10-22 00:00:00+08:00,
2020-10-23 00:00:00+08:00,
2020-10-27 00:00:00+08:00,
2020-10-28 00:00:00+08:00,
2020-10-29 00:00:00+08:00,
2020-10-30 00:00:00+08:00,
2020-11-02 00:00:00+08:00,
2020-11-03 00:00:00+08:00,
2020-11-04 00:00:00+08:00,
2020-11-05 00:00:00+08:00,
2020-11-06 00:00:00+08:00,
2020-11-09 00:00:00+08:00,
2020-11-10 00:00:00+08:00,
2020-11-11 00:00:00+08:00,
2020-11-12 00:00:00+08:00,
2020-11-13 00:00:00+08:00,
2020-11-16 00:00:00+08:00,
2020-11-17 00:00:00+08:00,
2020-11-18 00:00:00+08:00,
2020-11-19 00:00:00+08:00,
2020-11-20 00:00:00+08:00,
2020-11-23 00:00:00+08:00,
2020-11-24 00:00:00+08:00,
2020-11-25 00:00:00+08:00,
2020-11-26 00:00:00+08:00,
2020-11-27 00:00:00+08:00,
2020-11-30 00:00:00+08:00,
2020-12-01 00:00:00+08:00,
2020-12-02 00:00:00+08:00,
2020-12-03 00:00:00+08:00,
2020-12-04 00:00:00+08:00,
2020-12-07 00:00:00+08:00,
2020-12-08 00:00:00+08:00,
2020-12-09 00:00:00+08:00,
2020-12-10 00:00:00+08:00,
2020-12-11 00:00:00+08:00,
2020-12-14 00:00:00+08:00,
2020-12-15 00:00:00+08:00,
2020-12-16 00:00:00+08:00,
2020-12-17 00:00:00+08:00,
2020-12-18 00:00:00+08:00,
2020-12-21 00:00:00+08:00,
2020-12-22 00:00:00+08:00,
2020-12-23 00:00:00+08:00,
2020-12-24 00:00:00+08:00,
2020-12-28 00:00:00+08:00,
2020-12-29 00:00:00+08:00,
2020-12-30 00:00:00+08:00,
2020-12-31 00:00:00+08:00,
2021-01-04 00:00:00+08:00,
2021-01-05 00:00:00+08:00,
2021-01-06 00:00:00+08:00,
2021-01-07 00:00:00+08:00,
2021-01-08 00:00:00+08:00,
2021-01-11 00:00:00+08:00,
2021-01-12 00:00:00+08:00,
2021-01-13 00:00:00+08:00,
2021-01-14 00:00:00+08:00,
2021-01-15 00:00:00+08:00,
2021-01-18 00:00:00+08:00,
2021-01-19 00:00:00+08:00,
2021-01-20 00:00:00+08:00,
2021-01-21 00:00:00+08:00,
2021-01-22 00:00:00+08:00,
2021-01-25 00:00:00+08:00,
2021-01-26 00:00:00+08:00,
2021-01-27 00:00:00+08:00,
2021-01-28 00:00:00+08:00,
2021-01-29 00:00:00+08:00,
2021-02-01 00:00:00+08:00,
2021-02-02 00:00:00+08:00,
2021-02-03 00:00:00+08:00,
2021-02-04 00:00:00+08:00,
2021-02-05 00:00:00+08:00,
2021-02-08 00:00:00+08:00,
2021-02-09 00:00:00+08:00,
2021-02-10 00:00:00+08:00,
2021-02-11 00:00:00+08:00,
2021-02-16 00:00:00+08:00,
2021-02-17 00:00:00+08:00,
2021-02-18 00:00:00+08:00,
2021-02-19 00:00:00+08:00,
2021-02-22 00:00:00+08:00,
2021-02-23 00:00:00+08:00,
2021-02-24 00:00:00+08:00,
2021-02-25 00:00:00+08:00,
2021-02-26 00:00:00+08:00,
2021-03-01 00:00:00+08:00,
2021-03-02 00:00:00+08:00,
2021-03-03 00:00:00+08:00,
2021-03-04 00:00:00+08:00,
2021-03-05 00:00:00+08:00,
2021-03-08 00:00:00+08:00,
2021-03-09 00:00:00+08:00,
2021-03-10 00:00:00+08:00,
2021-03-11 00:00:00+08:00,
2021-03-12 00:00:00+08:00,
2021-03-15 00:00:00+08:00,
2021-03-16 00:00:00+08:00,
2021-03-17 00:00:00+08:00,
2021-03-18 00:00:00+08:00,
2021-03-19 00:00:00+08:00,
2021-03-22 00:00:00+08:00,
2021-03-23 00:00:00+08:00,
2021-03-24 00:00:00+08:00,
2021-03-25 00:00:00+08:00,
2021-03-26 00:00:00+08:00,
2021-03-29 00:00:00+08:00,
2021-03-30 00:00:00+08:00,
2021-03-31 00:00:00+08:00,
2021-04-01 00:00:00+08:00,
2021-04-07 00:00:00+08:00,
2021-04-08 00:00:00+08:00,
2021-04-09 00:00:00+08:00,
2021-04-12 00:00:00+08:00,
2021-04-13 00:00:00+08:00,
2021-04-14 00:00:00+08:00,
2021-04-15 00:00:00+08:00,
2021-04-16 00:00:00+08:00,
2021-04-19 00:00:00+08:00,
2021-04-20 00:00:00+08:00,
2021-04-21 00:00:00+08:00,
2021-04-22 00:00:00+08:00,
2021-04-23 00:00:00+08:00,
2021-04-26 00:00:00+08:00,
2021-04-27 00:00:00+08:00,
2021-04-28 00:00:00+08:00,
2021-04-29 00:00:00+08:00,
2021-04-30 00:00:00+08:00,
2021-05-03 00:00:00+08:00,
2021-05-04 00:00:00+08:00,
2021-05-05 00:00:00+08:00,
2021-05-06 00:00:00+08:00,
2021-05-07 00:00:00+08:00,
2021-05-10 00:00:00+08:00,
2021-05-11 00:00:00+08:00,
2021-05-12 00:00:00+08:00,
2021-05-13 00:00:00+08:00,
2021-05-14 00:00:00+08:00,
2021-05-17 00:00:00+08:00,
2021-05-18 00:00:00+08:00,
2021-05-20 00:00:00+08:00,
2021-05-21 00:00:00+08:00,
2021-05-24 00:00:00+08:00,
2021-05-25 00:00:00+08:00,
2021-05-26 00:00:00+08:00,
2021-05-27 00:00:00+08:00,
2021-05-28 00:00:00+08:00,
2021-05-31 00:00:00+08:00,
2021-06-01 00:00:00+08:00,
2021-06-02 00:00:00+08:00,
2021-06-03 00:00:00+08:00,
2021-06-04 00:00:00+08:00,
2021-06-07 00:00:00+08:00,
2021-06-08 00:00:00+08:00,
2021-06-09 00:00:00+08:00,
2021-06-10 00:00:00+08:00,
2021-06-11 00:00:00+08:00,
2021-06-15 00:00:00+08:00,
2021-06-16 00:00:00+08:00,
2021-06-17 00:00:00+08:00,
2021-06-18 00:00:00+08:00,
2021-06-21 00:00:00+08:00,
2021-06-22 00:00:00+08:00,
2021-06-23 00:00:00+08:00,
2021-06-24 00:00:00+08:00,
2021-06-25 00:00:00+08:00,
2021-06-28 00:00:00+08:00,
2021-06-29 00:00:00+08:00,
2021-06-30 00:00:00+08:00,
2021-07-02 00:00:00+08:00,
2021-07-05 00:00:00+08:00,
2021-07-06 00:00:00+08:00,
2021-07-07 00:00:00+08:00,
2021-07-08 00:00:00+08:00,
2021-07-09 00:00:00+08:00,
2021-07-12 00:00:00+08:00,
2021-07-13 00:00:00+08:00,
2021-07-14 00:00:00+08:00,
2021-07-15 00:00:00+08:00,
2021-07-16 00:00:00+08:00,
2021-07-19 00:00:00+08:00,
2021-07-20 00:00:00+08:00,
2021-07-21 00:00:00+08:00,
2021-07-22 00:00:00+08:00,
2021-07-23 00:00:00+08:00,
2021-07-26 00:00:00+08:00,
2021-07-27 00:00:00+08:00,
2021-07-28 00:00:00+08:00,
2021-07-29 00:00:00+08:00,
2021-07-30 00:00:00+08:00,
2021-08-02 00:00:00+08:00,
2021-08-03 00:00:00+08:00,
2021-08-04 00:00:00+08:00,
2021-08-05 00:00:00+08:00,
2021-08-06 00:00:00+08:00,
2021-08-09 00:00:00+08:00,
2021-08-10 00:00:00+08:00,
2021-08-11 00:00:00+08:00,
2021-08-12 00:00:00+08:00,
2021-08-13 00:00:00+08:00,
2021-08-16 00:00:00+08:00,
2021-08-17 00:00:00+08:00,
2021-08-18 00:00:00+08:00,
2021-08-19 00:00:00+08:00,
2021-08-20 00:00:00+08:00,
2021-08-23 00:00:00+08:00,
2021-08-24 00:00:00+08:00,
2021-08-25 00:00:00+08:00,
2021-08-26 00:00:00+08:00,
2021-08-27 00:00:00+08:00,
2021-08-30 00:00:00+08:00,
2021-08-31 00:00:00+08:00,
2021-09-01 00:00:00+08:00,
2021-09-02 00:00:00+08:00,
2021-09-03 00:00:00+08:00,
2021-09-06 00:00:00+08:00,
2021-09-07 00:00:00+08:00,
2021-09-08 00:00:00+08:00,
2021-09-09 00:00:00+08:00,
2021-09-10 00:00:00+08:00,
2021-09-13 00:00:00+08:00,
2021-09-14 00:00:00+08:00,
2021-09-15 00:00:00+08:00,
2021-09-16 00:00:00+08:00,
2021-09-17 00:00:00+08:00,
2021-09-20 00:00:00+08:00,
2021-09-21 00:00:00+08:00,
2021-09-23 00:00:00+08:00,
2021-09-24 00:00:00+08:00,
2021-09-27 00:00:00+08:00,
2021-09-28 00:00:00+08:00,
2021-09-29 00:00:00+08:00,
2021-09-30 00:00:00+08:00,
2021-10-04 00:00:00+08:00,
2021-10-05 00:00:00+08:00,
2021-10-06 00:00:00+08:00,
2021-10-07 00:00:00+08:00,
2021-10-08 00:00:00+08:00,
2021-10-11 00:00:00+08:00,
2021-10-12 00:00:00+08:00,
2021-10-15 00:00:00+08:00,
2021-10-18 00:00:00+08:00,
2021-10-19 00:00:00+08:00,
2021-10-20 00:00:00+08:00,
2021-10-21 00:00:00+08:00,
2021-10-22 00:00:00+08:00,
2021-10-25 00:00:00+08:00,
2021-10-26 00:00:00+08:00,
2021-10-27 00:00:00+08:00,
2021-10-28 00:00:00+08:00,
2021-10-29 00:00:00+08:00,
2021-11-01 00:00:00+08:00,
2021-11-02 00:00:00+08:00,
2021-11-03 00:00:00+08:00,
2021-11-04 00:00:00+08:00,
2021-11-05 00:00:00+08:00,
2021-11-08 00:00:00+08:00,
2021-11-09 00:00:00+08:00,
2021-11-10 00:00:00+08:00,
2021-11-11 00:00:00+08:00,
2021-11-12 00:00:00+08:00,
2021-11-15 00:00:00+08:00,
2021-11-16 00:00:00+08:00,
2021-11-17 00:00:00+08:00,
2021-11-18 00:00:00+08:00,
2021-11-19 00:00:00+08:00,
2021-11-22 00:00:00+08:00,
2021-11-23 00:00:00+08:00,
2021-11-24 00:00:00+08:00,
2021-11-25 00:00:00+08:00,
2021-11-26 00:00:00+08:00,
2021-11-29 00:00:00+08:00,
2021-11-30 00:00:00+08:00,
2021-12-01 00:00:00+08:00,
2021-12-02 00:00:00+08:00,
2021-12-03 00:00:00+08:00,
2021-12-06 00:00:00+08:00,
2021-12-07 00:00:00+08:00,
2021-12-08 00:00:00+08:00,
2021-12-09 00:00:00+08:00,
2021-12-10 00:00:00+08:00,
2021-12-13 00:00:00+08:00,
2021-12-14 00:00:00+08:00,
2021-12-15 00:00:00+08:00,
2021-12-16 00:00:00+08:00,
2021-12-17 00:00:00+08:00,
2021-12-20 00:00:00+08:00,
2021-12-21 00:00:00+08:00,
2021-12-22 00:00:00+08:00,
2021-12-23 00:00:00+08:00,
2021-12-24 00:00:00+08:00,
2021-12-28 00:00:00+08:00,
2021-12-29 00:00:00+08:00,
2021-12-30 00:00:00+08:00,
2021-12-31 00:00:00+08:00,
2022-01-03 00:00:00+08:00,
2022-01-04 00:00:00+08:00,
2022-01-05 00:00:00+08:00,
2022-01-06 00:00:00+08:00,
2022-01-07 00:00:00+08:00,
2022-01-10 00:00:00+08:00,
2022-01-11 00:00:00+08:00,
2022-01-12 00:00:00+08:00,
2022-01-13 00:00:00+08:00,
2022-01-14 00:00:00+08:00,
2022-01-17 00:00:00+08:00,
2022-01-18 00:00:00+08:00,
2022-01-19 00:00:00+08:00,
2022-01-20 00:00:00+08:00,
2022-01-21 00:00:00+08:00,
2022-01-24 00:00:00+08:00,
2022-01-25 00:00:00+08:00,
2022-01-26 00:00:00+08:00,
2022-01-27 00:00:00+08:00,
2022-01-28 00:00:00+08:00,
2022-01-31 00:00:00+08:00,
2022-02-04 00:00:00+08:00,
2022-02-07 00:00:00+08:00,
2022-02-08 00:00:00+08:00,
2022-02-09 00:00:00+08:00,
2022-02-10 00:00:00+08:00,
2022-02-11 00:00:00+08:00,
2022-02-14 00:00:00+08:00,
2022-02-15 00:00:00+08:00,
2022-02-16 00:00:00+08:00,
2022-02-17 00:00:00+08:00,
2022-02-18 00:00:00+08:00,
2022-02-21 00:00:00+08:00,
2022-02-22 00:00:00+08:00,
2022-02-23 00:00:00+08:00,
2022-02-24 00:00:00+08:00,
2022-02-25 00:00:00+08:00,
2022-02-28 00:00:00+08:00,
2022-03-01 00:00:00+08:00,
2022-03-02 00:00:00+08:00,
2022-03-03 00:00:00+08:00,
2022-03-04 00:00:00+08:00,
2022-03-07 00:00:00+08:00,
2022-03-08 00:00:00+08:00,
2022-03-09 00:00:00+08:00,
2022-03-10 00:00:00+08:00,
2022-03-11 00:00:00+08:00,
2022-03-14 00:00:00+08:00,
2022-03-15 00:00:00+08:00,
2022-03-16 00:00:00+08:00,
2022-03-17 00:00:00+08:00,
2022-03-18 00:00:00+08:00,
2022-03-21 00:00:00+08:00,
2022-03-22 00:00:00+08:00,
2022-03-23 00:00:00+08:00,
2022-03-24 00:00:00+08:00,
2022-03-25 00:00:00+08:00,
2022-03-28 00:00:00+08:00,
2022-03-29 00:00:00+08:00,
2022-03-30 00:00:00+08:00,
2022-03-31 00:00:00+08:00,
2022-04-01 00:00:00+08:00,
2022-04-04 00:00:00+08:00,
2022-04-06 00:00:00+08:00,
2022-04-07 00:00:00+08:00,
2022-04-08 00:00:00+08:00,
2022-04-11 00:00:00+08:00,
2022-04-12 00:00:00+08:00,
2022-04-13 00:00:00+08:00,
2022-04-14 00:00:00+08:00,
2022-04-19 00:00:00+08:00,
2022-04-20 00:00:00+08:00,
2022-04-21 00:00:00+08:00,
2022-04-22 00:00:00+08:00,
2022-04-25 00:00:00+08:00,
2022-04-26 00:00:00+08:00,
2022-04-27 00:00:00+08:00,
2022-04-28 00:00:00+08:00,
2022-04-29 00:00:00+08:00,
2022-05-03 00:00:00+08:00,
2022-05-04 00:00:00+08:00,
2022-05-05 00:00:00+08:00,
2022-05-06 00:00:00+08:00,
2022-05-10 00:00:00+08:00,
2022-05-11 00:00:00+08:00,
2022-05-12 00:00:00+08:00,
2022-05-13 00:00:00+08:00,
2022-05-16 00:00:00+08:00,
2022-05-17 00:00:00+08:00,
2022-05-18 00:00:00+08:00,
2022-05-19 00:00:00+08:00,
2022-05-20 00:00:00+08:00,
2022-05-23 00:00:00+08:00,
2022-05-24 00:00:00+08:00,
2022-05-25 00:00:00+08:00,
2022-05-26 00:00:00+08:00,
2022-05-27 00:00:00+08:00,
2022-05-30 00:00:00+08:00,
2022-05-31 00:00:00+08:00,
2022-06-01 00:00:00+08:00,
2022-06-02 00:00:00+08:00,
2022-06-06 00:00:00+08:00,
2022-06-07 00:00:00+08:00,
2022-06-08 00:00:00+08:00,
2022-06-09 00:00:00+08:00,
2022-06-10 00:00:00+08:00,
2022-06-13 00:00:00+08:00,
2022-06-14 00:00:00+08:00,
2022-06-15 00:00:00+08:00,
2022-06-16 00:00:00+08:00,
2022-06-17 00:00:00+08:00,
2022-06-20 00:00:00+08:00,
2022-06-21 00:00:00+08:00,
2022-06-22 00:00:00+08:00,
2022-06-23 00:00:00+08:00,
2022-06-24 00:00:00+08:00,
2022-06-27 00:00:00+08:00,
2022-06-28 00:00:00+08:00,
2022-06-29 00:00:00+08:00,
2022-06-30 00:00:00+08:00,
2022-07-04 00:00:00+08:00,
2022-07-05 00:00:00+08:00,
2022-07-06 00:00:00+08:00,
2022-07-07 00:00:00+08:00,
2022-07-08 00:00:00+08:00,
2022-07-11 00:00:00+08:00,
2022-07-12 00:00:00+08:00,
2022-07-13 00:00:00+08:00,
2022-07-14 00:00:00+08:00,
2022-07-15 00:00:00+08:00,
2022-07-18 00:00:00+08:00,
2022-07-19 00:00:00+08:00,
2022-07-20 00:00:00+08:00,
2022-07-21 00:00:00+08:00,
2022-07-22 00:00:00+08:00,
2022-07-25 00:00:00+08:00,
2022-07-26 00:00:00+08:00,
2022-07-27 00:00:00+08:00,
2022-07-28 00:00:00+08:00,
2022-07-29 00:00:00+08:00,
2022-08-01 00:00:00+08:00,
2022-08-02 00:00:00+08:00,
2022-08-03 00:00:00+08:00,
2022-08-04 00:00:00+08:00,
2022-08-05 00:00:00+08:00,
2022-08-08 00:00:00+08:00,
2022-08-09 00:00:00+08:00,
2022-08-10 00:00:00+08:00,
2022-08-11 00:00:00+08:00,
2022-08-12 00:00:00+08:00,
2022-08-15 00:00:00+08:00,
2022-08-16 00:00:00+08:00,
2022-08-17 00:00:00+08:00,
2022-08-18 00:00:00+08:00,
2022-08-19 00:00:00+08:00,
2022-08-22 00:00:00+08:00,
2022-08-23 00:00:00+08:00,
2022-08-24 00:00:00+08:00,
2022-08-25 00:00:00+08:00,33.6566983925008
2022-08-26 00:00:00+08:00,35.02000769447552
2022-08-29 00:00:00+08:00,37.02236823175088
2022-08-30 00:00:00+08:00,36.212903333703395
2022-08-31 00:00:00+08:00,42.053729625551796
2022-09-01 00:00:00+08:00,39.51202069213932
2022-09-02 00:00:00+08:00,39.396488467893306
2022-09-05 00:00:00+08:00,39.743085140631365
2022-09-06 00:00:00+08:00,39.51202069213932
2022-09-07 00:00:00+08:00,39.41959491274251
2022-09-08 00:00:00+08:00,39.974149589123414
2022-09-09 00:00:00+08:00,40.66734293459954
2022-09-13 00:00:00+08:00,41.383642724924876
2022-09-14 00:00:00+08:00,41.822665177059754
2022-09-15 00:00:00+08:00,41.79955873221055
2022-09-16 00:00:00+08:00,41.61470717341692
2022-09-19 00:00:00+08:00,41.822665177059754
2022-09-20 00:00:00+08:00,43.53254209590087
2022-09-21 00:00:00+08:00,41.12947183158362
2022-09-22 00:00:00+08:00,10.258814271811882
2022-09-23 00:00:00+08:00,10.202135739923419
2022-09-26 00:00:00+08:00,10.485528399365736
2022-09-27 00:00:00+08:00,10.825599590696516
2022-09-28 00:00:00+08:00,10.768921058808054
2022-09-29 00:00:00+08:00,10.406178454721886
2022-09-30 00:00:00+08:00,11.182674341593836
2022-10-03 00:00:00+08:00,11.834477458311166
2022-10-05 00:00:00+08:00,11.89115599019963
2022-10-06 00:00:00+08:00,11.709784688156546
2022-10-07 00:00:00+08:00,11.279027845804224
2022-10-10 00:00:00+08:00,10.683903260975358
2022-10-11 00:00:00+08:00,10.598885463142663
2022-10-12 00:00:00+08:00,10.315492803700346
2022-10-13 00:00:00+08:00,10.485528399365736
2022-10-14 00:00:00+08:00,10.995635186361907
2022-10-17 00:00:00+08:00,10.96162806722883
2022-10-18 00:00:00+08:00,10.96162806722883
2022-10-19 00:00:00+08:00,10.264482125000727
2022-10-20 00:00:00+08:00,9.896071667725716
2022-10-21 00:00:00+08:00,9.975421612369566
2022-10-24 00:00:00+08:00,9.833725282648407
2022-10-25 00:00:00+08:00,10.287153537756113
2022-10-26 00:00:00+08:00,10.202135739923419
2022-10-27 00:00:00+08:00,10.04343585063572
2022-10-28 00:00:00+08:00,9.607011155094552
2022-10-31 00:00:00+08:00,6.029508106292331
2022-11-01 00:00:00+08:00,6.347872346289736
2022-11-02 00:00:00+08:00,6.763298854579034
2022-11-03 00:00:00+08:00,6.658471604823791
2022-11-04 00:00:00+08:00,7.104958038966494
2022-11-07 00:00:00+08:00,6.833183687749196
2022-11-08 00:00:00+08:00,6.895303539456006
2022-11-09 00:00:00+08:00,6.9263634653094135
2022-11-10 00:00:00+08:00,6.553644355068548
2022-11-11 00:00:00+08:00,7.02730822433298
2022-11-14 00:00:00+08:00,6.600234243848655
2022-11-15 00:00:00+08:00,6.7943587804324395
2022-11-16 00:00:00+08:00,6.969070863357845
2022-11-17 00:00:00+08:00,6.887538557992657
2022-11-18 00:00:00+08:00,6.941893428236115
2022-11-21 00:00:00+08:00,6.76718134531071
2022-11-22 00:00:00+08:00,6.790476289700765
2022-11-23 00:00:00+08:00,6.708943984335575
2022-11-24 00:00:00+08:00,6.705061493603899
2022-11-25 00:00:00+08:00,6.522584429215142
2022-11-28 00:00:00+08:00,6.68564903994552
2022-11-29 00:00:00+08:00,7.046720677991359
2022-11-30 00:00:00+08:00,7.617446815547684
2022-12-01 00:00:00+08:00,7.803806370668116
2022-12-02 00:00:00+08:00,7.570856926767576
2022-12-05 00:00:00+08:00,7.951341018471792
2022-12-06 00:00:00+08:00,7.761098972619685
2022-12-07 00:00:00+08:00,7.76498146335136
2022-12-08 00:00:00+08:00,8.184290462372333
2022-12-09 00:00:00+08:00,8.2852352213959
2022-12-12 00:00:00+08:00,8.230880351152441
2022-12-13 00:00:00+08:00,8.098875666275468
2022-12-14 00:00:00+08:00,8.347355073102712
2022-12-15 00:00:00+08:00,8.425004887736225
2022-12-16 00:00:00+08:00,8.557009572613199
2022-12-19 00:00:00+08:00,8.33959009163936
2022-12-20 00:00:00+08:00,8.254175295542495
2022-12-21 00:00:00+08:00,8.39394496188282
2022-12-22 00:00:00+08:00,8.712309201880226
2022-12-23 00:00:00+08:00,8.883138794073956
2022-12-28 00:00:00+08:00,8.867608831147253
2022-12-29 00:00:00+08:00,9.069498349194387
2022-12-30 00:00:00+08:00,8.929728682854064
2023-01-03 00:00:00+08:00,8.696779238953523
2023-01-04 00:00:00+08:00,8.883138794073956
2023-01-05 00:00:00+08:00,9.442217459435254
2023-01-06 00:00:00+08:00,9.341272700411684
2023-01-09 00:00:00+08:00,9.47327738528866
2023-01-10 00:00:00+08:00,9.76058169943266
2023-01-11 00:00:00+08:00,9.496572329678711
2023-01-12 00:00:00+08:00,9.007378497487577
2023-01-13 00:00:00+08:00,9.240327941388118
2023-01-16 00:00:00+08:00,9.372332626265091
2023-01-17 00:00:00+08:00,9.36456764480174
2023-01-18 00:00:00+08:00,9.418922515045198
2023-01-19 00:00:00+08:00,9.752816717969308
2023-01-20 00:00:00+08:00,9.861526458456227
2023-01-26 00:00:00+08:00,10.653554567718064
2023-01-27 00:00:00+08:00,10.723439400888227
2023-01-30 00:00:00+08:00,9.24809292285147
2023-01-31 00:00:00+08:00,9.31021277455828
2023-02-01 00:00:00+08:00,9.232562959924767
2023-02-02 00:00:00+08:00,9.19373805260801
2023-02-03 00:00:00+08:00,8.890903775537307
2023-02-06 00:00:00+08:00,8.525949646759793
2023-02-07 00:00:00+08:00,8.44829983212628
2023-02-08 00:00:00+08:00,8.308530165785955
2023-02-09 00:00:00+08:00,8.525949646759793
2023-02-10 00:00:00+08:00,8.409474924809523
2023-02-13 00:00:00+08:00,8.588069498466604
2023-02-14 00:00:00+08:00,8.463829795052982
2023-02-15 00:00:00+08:00,8.300765184322604
2023-02-16 00:00:00+08:00,8.463829795052982
2023-02-17 00:00:00+08:00,8.293000202859252
2023-02-20 00:00:00+08:00,8.347355073102712
2023-02-21 00:00:00+08:00,8.067815740422063
2023-02-22 00:00:00+08:00,7.9125161111550355
2023-02-23 00:00:00+08:00,7.850396259448225
2023-02-24 00:00:00+08:00,7.9358110555450905
2023-02-27 00:00:00+08:00,7.811571352131468
2023-02-28 00:00:00+08:00,7.691214139449521
2023-03-01 00:00:00+08:00,7.904751129691683
2023-03-02 00:00:00+08:00,7.974635962861847
2023-03-03 00:00:00+08:00,8.075580721885414
2023-03-06 00:00:00+08:00,8.005695888715252
2023-03-07 00:00:00+08:00,7.772746444814711
2023-03-08 00:00:00+08:00,7.683449157986171
2023-03-09 00:00:00+08:00,7.632976778474386
2023-03-10 00:00:00+08:00,7.3417899735987096
2023-03-13 00:00:00+08:00,7.632976778474386
2023-03-14 00:00:00+08:00,7.454382204817305
2023-03-15 00:00:00+08:00,7.4621471862806565
2023-03-16 00:00:00+08:00,7.415557297500548
2023-03-17 00:00:00+08:00,7.667919195059468
2023-03-20 00:00:00+08:00,7.45049971408563
2023-03-21 00:00:00+08:00,7.691214139449521
2023-03-22 00:00:00+08:00,7.504854584329089
2023-03-23 00:00:00+08:00,7.570856926767576
2023-03-24 00:00:00+08:00,7.609681834084332
2023-03-27 00:00:00+08:00,7.45049971408563
2023-03-28 00:00:00+08:00,7.376732390183792
2023-03-29 00:00:00+08:00,7.469912167744009
2023-03-30 00:00:00+08:00,7.796041389204765
2023-03-31 00:00:00+08:00,7.374835070575323
2023-04-03 00:00:00+08:00,7.363436561965471
2023-04-04 00:00:00+08:00,6.915095223311226
2023-04-06 00:00:00+08:00,7.124067881158544
2023-04-11 00:00:00+08:00,7.0974713610688855
2023-04-12 00:00:00+08:00,7.002483789320104
2023-04-13 00:00:00+08:00,7.082273349589081
2023-04-14 00:00:00+08:00,7.029080309409763
2023-04-17 00:00:00+08:00,7.249451475866934
2023-04-18 00:00:00+08:00,7.219055452907324
2023-04-19 00:00:00+08:00,7.124067881158544
2023-04-20 00:00:00+08:00,6.945491246270836
2023-04-21 00:00:00+08:00,6.732719085553567
2023-04-24 00:00:00+08:00,6.546543444925958
2023-04-25 00:00:00+08:00,6.459154878917079
2023-04-26 00:00:00+08:00,6.535144936316104
2023-04-27 00:00:00+08:00,6.592137479365372
2023-04-28 00:00:00+08:00,5.990601245076941
2023-05-02 00:00:00+08:00,5.740098206154966
2023-05-03 00:00:00+08:00,5.761569895205421
2023-05-04 00:00:00+08:00,5.496752396916475
2023-05-05 00:00:00+08:00,5.525381315650416
2023-05-08 00:00:00+08:00,5.475280707866021
2023-05-09 00:00:00+08:00,5.375079492297231
2023-05-10 00:00:00+08:00,5.2319348986275305
2023-05-11 00:00:00+08:00,5.346450573563291
2023-05-12 00:00:00+08:00,5.095947534641317
2023-05-15 00:00:00+08:00,5.242670743152758
2023-05-16 00:00:00+08:00,5.146048142425711
2023-05-17 00:00:00+08:00,4.963538785496843
2023-05-18 00:00:00+08:00,4.9134381777124485
2023-05-19 00:00:00+08:00,4.884809258978509
2023-05-22 00:00:00+08:00,5.063740001065633
2023-05-23 00:00:00+08:00,4.952802940971616
2023-05-24 00:00:00+08:00,4.831130036352371
2023-05-25 00:00:00+08:00,4.802501117618431
2023-05-29 00:00:00+08:00,4.6199917606895635
2023-05-30 00:00:00+08:00,4.605677301322594
2023-05-31 00:00:00+08:00,4.458954092811151
2023-06-01 00:00:00+08:00,4.3408598030336485
2023-06-02 00:00:00+08:00,4.491161626386834
2023-06-05 00:00:00+08:00,4.405274870185014
2023-06-06 00:00:00+08:00,4.247815817148345
2023-06-07 00:00:00+08:00,4.2836019655657696
2023-06-08 00:00:00+08:00,4.3372811881919064
2023-06-09 00:00:00+08:00,4.3372811881919064
2023-06-12 00:00:00+08:00,4.423167944393726
2023-06-13 00:00:00+08:00,4.416010714710241
2023-06-14 00:00:00+08:00,4.451796863127667
2023-06-15 00:00:00+08:00,4.784608043409718
2023-06-16 00:00:00+08:00,4.802501117618431
2023-06-19 00:00:00+08:00,4.734507435625324
2023-06-20 00:00:00+08:00,4.6164131458478215
2023-06-21 00:00:00+08:00,4.344438417875391
2023-06-23 00:00:00+08:00,4.276444735882284
2023-06-26 00:00:00+08:00,4.133300142212584
2023-06-27 00:00:00+08:00,4.161929060946524
2023-06-28 00:00:00+08:00,4.147614601579554
2023-06-29 00:00:00+08:00,3.832696495506214
2023-06-30 00:00:00+08:00,3.793331732247047
2023-07-03 00:00:00+08:00,3.9400549407584893
2023-07-04 00:00:00+08:00,3.979419704017657
2023-07-05 00:00:00+08:00,3.8470109548731846
2023-07-06 00:00:00+08:00,3.7611241986713644
2023-07-07 00:00:00+08:00,3.71102359088697
2023-07-10 00:00:00+08:00,3.9543694001254592
2023-07-11 00:00:00+08:00,3.9579480149672017
2023-07-12 00:00:00+08:00,3.9543694001254592
2023-07-13 00:00:00+08:00,4.090356764111674
2023-07-14 00:00:00+08:00,4.0366775414855365
2023-07-18 00:00:00+08:00,3.8971115626575794
2023-07-19 00:00:00+08:00,3.8720612587653824
2023-07-20 00:00:00+08:00,3.7897531174053047
2023-07-21 00:00:00+08:00,3.8040675767722743
2023-07-24 00:00:00+08:00,3.675237442469545
2023-07-25 00:00:00+08:00,3.9973127782263695
2023-07-26 00:00:00+08:00,4.093935378953417
2023-07-27 00:00:00+08:00,4.222765513256147
2023-07-28 00:00:00+08:00,4.501897470912061
2023-07-31 00:00:00+08:00,4.448218248285924
2023-08-01 00:00:00+08:00,4.3122308842997095
2023-08-02 00:00:00+08:00,4.280023350724027
2023-08-03 00:00:00+08:00,4.3014950397744816
2023-08-04 00:00:00+08:00,4.487583011545092
2023-08-07 00:00:00+08:00,4.348017032717134
2023-08-08 00:00:00+08:00,4.287180580407512
2023-08-09 00:00:00+08:00,4.294337810090997
2023-08-10 00:00:00+08:00,4.165507675788267
2023-08-11 00:00:00+08:00,4.0295203118020515
2023-08-14 00:00:00+08:00,3.947212170441974
2023-08-15 00:00:00+08:00,3.889954332974095
2023-08-16 00:00:00+08:00,3.975841089175914
2023-08-17 00:00:00+08:00,4.133300142212584
2023-08-18 00:00:00+08:00,3.975841089175914
2023-08-21 00:00:00+08:00,4.0116272375933395
2023-08-22 00:00:00+08:00,3.9615266298089447
2023-08-23 00:00:00+08:00,3.8505895697149266
2023-08-24 00:00:00+08:00,3.8935329478158365
2023-08-25 00:00:00+08:00,3.9476572204401625
2023-08-28 00:00:00+08:00,4.026013365647388
2023-08-29 00:00:00+08:00,4.10810075586448
2023-08-30 00:00:00+08:00,4.055863325726331
2023-08-31 00:00:00+08:00,3.9290009953908234
2023-09-04 00:00:00+08:00,4.287200516338135
2023-09-05 00:00:00+08:00,4.257350556259192
2023-09-06 00:00:00+08:00,4.145413205963158
2023-09-07 00:00:00+08:00,4.014819630617784
2023-09-11 00:00:00+08:00,4.067057060755934
2023-09-12 00:00:00+08:00,4.007357140598049
2023-09-13 00:00:00+08:00,3.9551197104598987
2023-09-14 00:00:00+08:00,3.921538505371088
2023-09-15 00:00:00+08:00,4.026013365647388
2023-09-18 00:00:00+08:00,4.149144450973026
2023-09-19 00:00:00+08:00,4.033475855667123
2023-09-20 00:00:00+08:00,3.984969670538841
2023-09-21 00:00:00+08:00,3.8058699100651854
2023-09-22 00:00:00+08:00,3.9588509554697664
2023-09-25 00:00:00+08:00,3.891688545292145
2023-09-26 00:00:00+08:00,3.8319886251342608
2023-09-27 00:00:00+08:00,3.861838585213203
2023-09-28 00:00:00+08:00,3.757363724936904
2023-09-29 00:00:00+08:00,3.8767635652526744
2023-10-03 00:00:00+08:00,3.5857264544829834
2023-10-04 00:00:00+08:00,3.483117216711618
2023-10-05 00:00:00+08:00,3.5577421169089747
2023-10-06 00:00:00+08:00,3.6752763347198116
2023-10-09 00:00:00+08:00,3.5036390642658914
2023-10-10 00:00:00+08:00,3.5260265343250983
2023-10-11 00:00:00+08:00,3.5390858918596355
2023-10-12 00:00:00+08:00,3.641695129631001
2023-10-13 00:00:00+08:00,3.44580476661294
2023-10-16 00:00:00+08:00,3.3170768137725
2023-10-17 00:00:00+08:00,3.3898360914649226
2023-10-18 00:00:00+08:00,3.3021518337330287
2023-10-19 00:00:00+08:00,3.238720668565275
2023-10-20 00:00:00+08:00,3.201408218466597
2023-10-24 00:00:00+08:00,3.13611143079391
2023-10-25 00:00:00+08:00,3.169692635882721
2023-10-26 00:00:00+08:00,3.072680265626157
2023-10-27 00:00:00+08:00,3.1549374723356216
2023-10-30 00:00:00+08:00,3.2870046223403686
2023-10-31 00:00:00+08:00,3.241147973033165
2023-11-01 00:00:00+08:00,3.198959855670538
2023-11-02 00:00:00+08:00,3.2081311855319785
2023-11-03 00:00:00+08:00,3.3218556758138433
2023-11-06 00:00:00+08:00,3.384220718871641
2023-11-07 00:00:00+08:00,3.3787179209547764
2023-11-08 00:00:00+08:00,3.3897235167885054
2023-11-09 00:00:00+08:00,3.340198335536725
2023-11-10 00:00:00+08:00,3.277833292478928
2023-11-13 00:00:00+08:00,3.3567067292873185
2023-11-14 00:00:00+08:00,3.367712325121047
2023-11-15 00:00:00+08:00,3.472265485541472
2023-11-16 00:00:00+08:00,3.32552420775842
2023-11-17 00:00:00+08:00,3.2759990265066397
2023-11-20 00:00:00+08:00,3.367712325121047
2023-11-21 00:00:00+08:00,3.3787179209547764
2023-11-22 00:00:00+08:00,3.331027005675284
2023-11-23 00:00:00+08:00,3.4300773681788446
2023-11-24 00:00:00+08:00,3.2759990265066397
2023-11-27 00:00:00+08:00,3.264993430672911
2023-11-28 00:00:00+08:00,3.217302515393419
2023-11-29 00:00:00+08:00,3.125589216779012
2023-11-30 00:00:00+08:00,3.1182521528898586
2023-12-01 00:00:00+08:00,3.076064035527231
2023-12-04 00:00:00+08:00,2.989853534829688
2023-12-05 00:00:00+08:00,2.91831716191045
2023-12-06 00:00:00+08:00,2.9274884917718906
2023-12-07 00:00:00+08:00,2.8541178528803646
2023-12-08 00:00:00+08:00,2.777078682044263
2023-12-11 00:00:00+08:00,2.7917528098225675
2023-12-12 00:00:00+08:00,2.758736022321381
2023-12-13 00:00:00+08:00,2.5881492868985823
2023-12-14 00:00:00+08:00,2.5771436910648537
2023-12-15 00:00:00+08:00,2.6009891487046
2023-12-18 00:00:00+08:00,2.58081222300943
2023-12-19 00:00:00+08:00,2.5257842438407856
2023-12-20 00:00:00+08:00,2.5221157118962094
2023-12-21 00:00:00+08:00,2.5936520848154476
2023-12-22 00:00:00+08:00,2.538624105646803
2023-12-27 00:00:00+08:00,2.5221157118962094
2023-12-28 00:00:00+08:00,2.800924139684008
2023-12-29 00:00:00+08:00,2.8119297355177375
2024-01-02 00:00:00+08:00,2.6761940535684143
2024-01-03 00:00:00+08:00,2.7037080431527367
2024-01-04 00:00:00+08:00,2.6670227237069737
2024-01-05 00:00:00+08:00,2.6395087341226513
2024-01-08 00:00:00+08:00,2.509275850090192
2024-01-09 00:00:00+08:00,2.613829010510617
2024-01-10 00:00:00+08:00,2.5734751591202776
2024-01-11 00:00:00+08:00,2.6560171278732447
2024-01-12 00:00:00+08:00,2.6468457980118036
2024-01-15 00:00:00+08:00,2.7183821709310414
2024-01-16 00:00:00+08:00,2.698205245235872
2024-01-17 00:00:00+08:00,2.496435988284175
2024-01-18 00:00:00+08:00,2.604657680649176
2024-01-19 00:00:00+08:00,2.62116607439977
2024-01-22 00:00:00+08:00,2.4890989243950226
2024-01-23 00:00:00+08:00,2.514778648007056
2024-01-24 00:00:00+08:00,2.5716408931479893
2024-01-25 00:00:00+08:00,2.766073086210534
2024-01-26 00:00:00+08:00,2.687199649402143
2024-01-29 00:00:00+08:00,2.7128793730141774
2024-01-30 00:00:00+08:00,2.567972361203413
2024-01-31 00:00:00+08:00,2.5056073181456155
2024-02-01 00:00:00+08:00,2.6083262125937523
2024-02-02 00:00:00+08:00,2.53128704175765
2024-02-05 00:00:00+08:00,2.5404583716190907
2024-02-06 00:00:00+08:00,2.6761940535684143
2024-02-07 00:00:00+08:00,2.6927024473190078
2024-02-08 00:00:00+08:00,2.723884968847906
2024-02-09 00:00:00+08:00,2.747730426487652
2024-02-14 00:00:00+08:00,2.887134640381552
2024-02-15 00:00:00+08:00,2.9935220667742644
2024-02-16 00:00:00+08:00,3.1641088021970627
2024-02-19 00:00:00+08:00,2.8467807889912122
2024-02-20 00:00:00+08:00,2.797255607739432
2024-02-21 00:00:00+08:00,2.9366598216333313
2024-02-22 00:00:00+08:00,2.9641738112176537
2024-02-23 00:00:00+08:00,2.9770136730236714
2024-02-26 00:00:00+08:00,2.8981402362152804
2024-02-27 00:00:00+08:00,2.8834661084369753
2024-02-28 00:00:00+08:00,2.8155982674623137
2024-02-29 00:00:00+08:00,2.821101065379178
2024-03-01 00:00:00+08:00,2.835775193157483
2024-03-04 00:00:00+08:00,2.7513989584322283
2024-03-05 00:00:00+08:00,2.678028319540702
2024-03-06 00:00:00+08:00,2.734890564681635
2024-03-07 00:00:00+08:00,2.6450115320395153
2024-03-08 00:00:00+08:00,2.6101604785660406
2024-03-11 00:00:00+08:00,2.711045107041889
2024-03-12 00:00:00+08:00,2.833940927185195
2024-03-13 00:00:00+08:00,2.912814363993586
2024-03-14 00:00:00+08:00,2.892637438298416
2024-03-15 00:00:00+08:00,2.9568367473285013
2024-03-18 00:00:00+08:00,2.989853534829688
2024-03-19 00:00:00+08:00,2.876129044547823
2024-03-20 00:00:00+08:00,2.8321066612129076
2024-03-21 00:00:00+08:00,2.844946523018924
2024-03-22 00:00:00+08:00,2.753233224404516
2024-03-25 00:00:00+08:00,2.789918543850279
2024-03-26 00:00:00+08:00,2.7807472139888385
2024-03-27 00:00:00+08:00,2.6670227237069737
2024-03-28 00:00:00+08:00,2.7230827640901207
2024-04-02 00:00:00+08:00,2.714354934718037
2024-04-03 00:00:00+08:00,2.7038815394715368
2024-04-05 00:00:00+08:00,2.6497689973646175
2024-04-08 00:00:00+08:00,2.5974020211321154
2024-04-09 00:00:00+08:00,2.6148576798762826
2024-04-10 00:00:00+08:00,2.5310705179042787
2024-04-11 00:00:00+08:00,2.501395898039194
2024-04-12 00:00:00+08:00,2.380951852704439
2024-04-15 00:00:00+08:00,2.3757151550811884
2024-04-16 00:00:00+08:00,2.2866912954859346
2024-04-17 00:00:00+08:00,2.3111292177277694
2024-04-18 00:00:00+08:00,2.319857047099853
2024-04-19 00:00:00+08:00,2.208140831137181
2024-04-22 00:00:00+08:00,2.2378154510022656
2024-04-23 00:00:00+08:00,2.2552711097464333
2024-04-24 00:00:00+08:00,2.257442481845154
2024-04-25 00:00:00+08:00,2.29316689188189
2024-04-26 00:00:00+08:00,2.347604088128344
2024-04-29 00:00:00+08:00,2.388431985313185
2024-04-30 00:00:00+08:00,2.3663168743380623
2024-05-02 00:00:00+08:00,2.439466856794236
2024-05-03 00:00:00+08:00,2.347604088128344
2024-05-06 00:00:00+08:00,2.3561099000418526
2024-05-07 00:00:00+08:00,2.318684327622415
2024-05-08 00:00:00+08:00,2.2030052855987
2024-05-09 00:00:00+08:00,2.2659482937586626
2024-05-10 00:00:00+08:00,2.347604088128344
2024-05-13 00:00:00+08:00,2.318684327622415
2024-05-14 00:00:00+08:00,2.32378781477052
2024-05-16 00:00:00+08:00,2.4088459339056048
2024-05-17 00:00:00+08:00,2.5381342749909344
2024-05-20 00:00:00+08:00,2.585766821706582
2024-05-21 00:00:00+08:00,2.4939040530406897
2024-05-22 00:00:00+08:00,2.5177203263985137
2024-05-23 00:00:00+08:00,2.4071447715229035
2024-05-24 00:00:00+08:00,2.339098276214836
2024-05-27 00:00:00+08:00,2.327190139535924
2024-05-28 00:00:00+08:00,2.3288913019186257
2024-05-29 00:00:00+08:00,2.2948680542645916
2024-05-30 00:00:00+08:00,2.1757866874754725
2024-05-31 00:00:00+08:00,2.1213494912290183
2024-06-03 00:00:00+08:00,2.087326243574984
2024-06-04 00:00:00+08:00,2.2149134222776117
2024-06-05 00:00:00+08:00,2.194499473685191
2024-06-06 00:00:00+08:00,2.146866926969544
2024-06-07 00:00:00+08:00,2.146866926969544
2024-06-11 00:00:00+08:00,2.0464983463901434
2024-06-12 00:00:00+08:00,2.0209809106496177
2024-06-13 00:00:00+08:00,1.9733483639339704
2024-06-14 00:00:00+08:00,1.9001983814777974
2024-06-17 00:00:00+08:00,1.86277280905836
2024-06-18 00:00:00+08:00,1.8491635099967465
2024-06-19 00:00:00+08:00,1.8304507237870276
2024-06-20 00:00:00+08:00,1.7726112027751701
2024-06-21 00:00:00+08:00,1.7794158523059767
2024-06-24 00:00:00+08:00,1.7726112027751701
2024-06-25 00:00:00+08:00,1.709668194615207
2024-06-26 00:00:00+08:00,1.7590019037135565
2024-06-27 00:00:00+08:00,1.68244959649198
2024-06-28 00:00:00+08:00,1.6280124002455256
2024-07-02 00:00:00+08:00,1.631414725010929
2024-07-03 00:00:00+08:00,1.8304507237870276
2024-07-04 00:00:00+08:00,1.7811170146886786
2024-07-05 00:00:00+08:00,1.8491635099967465
2024-07-08 00:00:00+08:00,1.7624042284789596
2024-07-09 00:00:00+08:00,1.7351856303557325
2024-07-10 00:00:00+08:00,1.7351856303557325
2024-07-11 00:00:00+08:00,1.867876296206465
2024-07-12 00:00:00+08:00,1.8763821081199734
2024-07-15 00:00:00+08:00,1.8168414247254139
2024-07-16 00:00:00+08:00,1.8559681595275532
2024-07-17 00:00:00+08:00,1.9393251162799363
2024-07-18 00:00:00+08:00,1.9001983814777974
2024-07-19 00:00:00+08:00,1.908704193391306
2024-07-22 00:00:00+08:00,1.867876296206465
2024-07-23 00:00:00+08:00,1.7964274761329937
2024-07-24 00:00:00+08:00,1.7930251513675903
2024-07-25 00:00:00+08:00,1.8134390999600107
2024-07-26 00:00:00+08:00,1.87297978335457
2024-07-29 00:00:00+08:00,1.8270483990216244
2024-07-30 00:00:00+08:00,1.7743123651578716
2024-07-31 00:00:00+08:00,1.8780832705026753
2024-08-01 00:00:00+08:00,1.840657698083238
2024-08-02 00:00:00+08:00,1.8423588604659396
2024-08-05 00:00:00+08:00,1.801530963281099
2024-08-06 00:00:00+08:00,1.879784432885377
2024-08-07 00:00:00+08:00,1.8865890824161837
2024-08-08 00:00:00+08:00,1.8831867576507806
2024-08-09 00:00:00+08:00,1.850864672379448
2024-08-12 00:00:00+08:00,1.7692088780097666
2024-08-13 00:00:00+08:00,1.784519339454082
2024-08-14 00:00:00+08:00,1.726679818442224
2024-08-15 00:00:00+08:00,1.726679818442224
2024-08-16 00:00:00+08:00,1.7062658698498037
2024-08-19 00:00:00+08:00,1.7062658698498037
2024-08-20 00:00:00+08:00,1.68244959649198
2024-08-21 00:00:00+08:00,1.6875530836400852
2024-08-22 00:00:00+08:00,1.6722426221957696
2024-08-23 00:00:00+08:00,1.6671391350476645
2024-08-26 00:00:00+08:00,1.6909554084054885
2024-08-27 00:00:00+08:00,1.6671391350476645
2024-08-28 00:00:00+08:00,1.6586333231341561
2024-08-29 00:00:00+08:00,1.5786786911471762
2024-08-30 00:00:00+08:00,1.5565635801720543
2024-09-02 00:00:00+08:00,1.5636818636145908
2024-09-03 00:00:00+08:00,1.5529472055119733
2024-09-04 00:00:00+08:00,1.5207432312041214
2024-09-05 00:00:00+08:00,1.522532340887891
2024-09-09 00:00:00+08:00,1.4545461729046478
2024-09-10 00:00:00+08:00,1.4312877470156438
2024-09-11 00:00:00+08:00,1.434865966383183
2024-09-12 00:00:00+08:00,1.434865966383183
2024-09-13 00:00:00+08:00,1.4259204179643352
2024-09-16 00:00:00+08:00,1.4187639792292568
2024-09-17 00:00:00+08:00,1.4169748695454873
2024-09-19 00:00:00+08:00,1.474226379426113
2024-09-20 00:00:00+08:00,1.4795937084774218
2024-09-23 00:00:00+08:00,1.4992739149988867
2024-09-24 00:00:00+08:00,1.595885837922443
2024-09-25 00:00:00+08:00,1.5994640572899819
2024-09-26 00:00:00+08:00,1.8481503033339497
2024-09-27 00:00:00+08:00,2.103992988112996
2024-09-30 00:00:00+08:00,2.694399183756949
2024-10-02 00:00:00+08:00,2.769541790475271
2024-10-03 00:00:00+08:00,2.5620050671580024
2024-10-04 00:00:00+08:00,2.694399183756949
2024-10-07 00:00:00+08:00,2.801745764783122
2024-10-08 00:00:00+08:00,2.29006039522503
2024-10-09 00:00:00+08:00,2.161244497993622
2024-10-10 00:00:00+08:00,2.218496007874248
2024-10-14 00:00:00+08:00,2.0914692203266094
2024-10-15 00:00:00+08:00,1.9268711294198104
2024-10-16 00:00:00+08:00,1.8195245483936373
2024-10-17 00:00:00+08:00,1.7497492707266242
2024-10-18 00:00:00+08:00,1.8910889357444194
2024-10-21 00:00:00+08:00,1.8624631808041063
2024-10-22 00:00:00+08:00,1.8892998260606497
2024-10-23 00:00:00+08:00,2.0038028458219013
2024-10-24 00:00:00+08:00,1.9232929100522713
2024-10-25 00:00:00+08:00,1.9447622262575062
2024-10-28 00:00:00+08:00,2.0020137361381316
2024-10-29 00:00:00+08:00,1.9358166778386583
2024-10-30 00:00:00+08:00,1.912558251949654
2024-10-31 00:00:00+08:00,1.8278394837978431
2024-11-01 00:00:00+08:00,1.8433442485048936
2024-11-04 00:00:00+08:00,1.8950267975283952
2024-11-05 00:00:00+08:00,1.9880553857706984
2024-11-06 00:00:00+08:00,1.951877601454247
2024-11-07 00:00:00+08:00,2.124152764865919
2024-11-08 00:00:00+08:00,2.0242331700871494
2024-11-11 00:00:00+08:00,1.958768607990714
2024-11-12 00:00:00+08:00,1.8950267975283952
2024-11-13 00:00:00+08:00,1.8743537779189945
2024-11-14 00:00:00+08:00,1.7882161962131582
2024-11-15 00:00:00+08:00,1.8192257256272595
2024-11-18 00:00:00+08:00,1.8002754576519755
2024-11-19 00:00:00+08:00,1.8002754576519755
2024-11-20 00:00:00+08:00,1.8175029739931428
2024-11-21 00:00:00+08:00,1.7778796864084583
2024-11-22 00:00:00+08:00,1.7003558628732056
2024-11-25 00:00:00+08:00,1.7313653922873067
2024-11-26 00:00:00+08:00,1.7210288824826063
2024-11-27 00:00:00+08:00,1.7623749217014075
2024-11-28 00:00:00+08:00,1.7261971373849565
2024-11-29 00:00:00+08:00,1.7796024380425746
2024-12-02 00:00:00+08:00,1.8536807583095938
2024-12-03 00:00:00+08:00,1.815780222359026
2024-12-04 00:00:00+08:00,1.7778796864084583
2024-12-05 00:00:00+08:00,1.7554839151649408
2024-12-06 00:00:00+08:00,1.7951072027496255
2024-12-09 00:00:00+08:00,1.901917804064862
2024-12-10 00:00:00+08:00,1.8536807583095938
2024-12-11 00:00:00+08:00,1.8364532419684265
2024-12-12 00:00:00+08:00,1.9759961243318813
2024-12-13 00:00:00+08:00,1.872631026284878
2024-12-16 00:00:00+08:00,1.8898585426260452
2024-12-17 00:00:00+08:00,1.8915812942601617
2024-12-18 00:00:00+08:00,1.9088088106013288
2024-12-19 00:00:00+08:00,1.9225908236742628
2024-12-20 00:00:00+08:00,1.9036405556989788
2024-12-23 00:00:00+08:00,1.9105315622354457
2024-12-24 00:00:00+08:00,1.9501548498201307
2024-12-27 00:00:00+08:00,1.884690287723695
2024-12-30 00:00:00+08:00,1.8295622354319598
2024-12-31 00:00:00+08:00,1.8295622354319598
